{"features":[{"geometry":{"coordinates":[[[152.857224,-27.575508],[152.857849,-27.570349],[152.853087,-27.567303],[152.847701,-27.569417],[152.847075,-27.574576],[152.851837,-27.577622],[152.857224,-27.575508]]],"type":"Polygon"},"properties":{"hex_id":"88be8db92bfffff"},"type":"Feature"},{"geometry":{"coordinates":[[[152.859098,-27.560031],[152.859722,-27.554872],[152.854961,-27.551826],[152.849576,-27.55394],[152.848951,-27.559099],[152.853712,-27.562144],[152.859098,-27.560031]]],"type":"Polygon"},"properties":{"hex_id":"88be8db927fffff"},"type":"Feature"},{"geometry":{"coordinates":[[[152.860971,-27.544554],[152.861595,-27.539395],[152.856835,-27.53635],[152.85145,-27.538463],[152.850825,-27.543622],[152.855586,-27.546667],[152.860971,-27.544554]]],"type":"Polygon"},"properties":{"hex_id":"88be8d1613fffff"},"type":"Feature"},{"geometry":{"coordinates":[[[152.861362,-27.583714],[152.861987,-27.578554],[152.857224,-27.575508],[152.851837,-27.577622],[152.851212,-27.582781],[152.855975,-27.585827],[152.861362,-27.583714]]],"type":"Polygon"},"properties":{"hex_id":"88be8db905fffff"},"type":"Feature"},{"geometry":{"coordinates":[[[152.863235,-27.568235],[152.86386,-27.563076],[152.859098,-27.560031],[152.853712,-27.562144],[152.853087,-27.567303],[152.857849,-27.570349],[152.863235,-27.568235]]],"type":"Polygon"},"properties":{"hex_id":"88be8db921fffff"},"type":"Feature"},{"geometry":{"coordinates":[[[152.865108,-27.552758],[152.865732,-27.547599],[152.860971,-27.544554],[152.855586,-27.546667],[152.854961,-27.551826],[152.859722,-27.554872],[152.865108,-27.552758]]],"type":"Polygon"},"properties":{"hex_id":"88be8d161bfffff"},"type":"Feature"},{"geometry":{"coordinates":[[[152.865501,-27.591919],[152.866126,-27.586759],[152.861362,-27.583714],[152.855975,-27.585827],[152.85535,-27.590987],[152.860114,-27.594033],[152.865501,-27.591919]]],"type":"Polygon"},"properties":{"hex_id":"88be8db90dfffff"},"type":"Feature"},{"geometry":{"coordinates":[[[152.867374,-27.57644],[152.867998,-27.57128],[152.863235,-27.568235],[152.857849,-27.570349],[152.857224,-27.575508],[152.861987,-27.578554],[152.867374,-27.57644]]],"type":"Polygon"},"properties":{"hex_id":"88be8db929fffff"},"type":"Feature"},{"geometry":{"coordinates":[[[152.869245,-27.560962],[152.869869,-27.555803],[152.865108,-27.552758],[152.859722,-27.554872],[152.859098,-27.560031],[152.86386,-27.563076],[152.869245,-27.560962]]],"type":"Polygon"},"properties":{"hex_id":"88be8db925fffff"},"type":"Feature"},{"geometry":{"coordinates":[[[152.871117,-27.545485],[152.87174,-27.540326],[152.866979,-27.537281],[152.861595,-27.539395],[152.860971,-27.544554],[152.865732,-27.547599],[152.871117,-27.545485]]],"type":"Polygon"},"properties":{"hex_id":"88be8d1611fffff"},"type":"Feature"},{"geometry":{"coordinates":[[[152.871513,-27.584645],[152.872137,-27.579485],[152.867374,-27.57644],[152.861987,-27.578554],[152.861362,-27.583714],[152.866126,-27.586759],[152.871513,-27.584645]]],"type":"Polygon"},"properties":{"hex_id":"88be8db963fffff"},"type":"Feature"},{"geometry":{"coordinates":[[[152.873384,-27.569166],[152.874008,-27.564007],[152.869245,-27.560962],[152.86386,-27.563076],[152.863235,-27.568235],[152.867998,-27.57128],[152.873384,-27.569166]]],"type":"Polygon"},"properties":{"hex_id":"88be8db92dfffff"},"type":"Feature"},{"geometry":{"coordinates":[[[152.875255,-27.553689],[152.875878,-27.54853],[152.871117,-27.545485],[152.865732,-27.547599],[152.865108,-27.552758],[152.869869,-27.555803],[152.875255,-27.553689]]],"type":"Polygon"},"properties":{"hex_id":"88be8d1619fffff"},"type":"Feature"},{"geometry":{"coordinates":[[[152.877124,-27.538212],[152.877748,-27.533053],[152.872987,-27.530009],[152.867603,-27.532123],[152.866979,-27.537281],[152.87174,-27.540326],[152.877124,-27.538212]]],"type":"Polygon"},"properties":{"hex_id":"88be8d1615fffff"},"type":"Feature"},{"geometry":{"coordinates":[[[152.877523,-27.577371],[152.878147,-27.572211],[152.873384,-27.569166],[152.867998,-27.57128],[152.867374,-27.57644],[152.872137,-27.579485],[152.877523,-27.577371]]],"type":"Polygon"},"properties":{"hex_id":"88be8db967fffff"},"type":"Feature"},{"geometry":{"coordinates":[[[152.879393,-27.561893],[152.880016,-27.556733],[152.875255,-27.553689],[152.869869,-27.555803],[152.869245,-27.560962],[152.874008,-27.564007],[152.879393,-27.561893]]],"type":"Polygon"},"properties":{"hex_id":"88be8d1653fffff"},"type":"Feature"},{"geometry":{"coordinates":[[[152.881263,-27.546415],[152.881886,-27.541256],[152.877124,-27.538212],[152.87174,-27.540326],[152.871117,-27.545485],[152.875878,-27.54853],[152.881263,-27.546415]]],"type":"Polygon"},"properties":{"hex_id":"88be8d161dfffff"},"type":"Feature"},{"geometry":{"coordinates":[[[152.883131,-27.530939],[152.883754,-27.52578],[152.878994,-27.522736],[152.87361,-27.52485],[152.872987,-27.530009],[152.877748,-27.533053],[152.883131,-27.530939]]],"type":"Polygon"},"properties":{"hex_id":"88be8d1639fffff"},"type":"Feature"},{"geometry":{"coordinates":[[[152.883533,-27.570097],[152.884156,-27.564937],[152.879393,-27.561893],[152.874008,-27.564007],[152.873384,-27.569166],[152.878147,-27.572211],[152.883533,-27.570097]]],"type":"Polygon"},"properties":{"hex_id":"88be8d165bfffff"},"type":"Feature"},{"geometry":{"coordinates":[[[152.885402,-27.554619],[152.886024,-27.54946],[152.881263,-27.546415],[152.875878,-27.54853],[152.875255,-27.553689],[152.880016,-27.556733],[152.885402,-27.554619]]],"type":"Polygon"},"properties":{"hex_id":"88be8d1657fffff"},"type":"Feature"},{"geometry":{"coordinates":[[[152.88727,-27.539142],[152.887892,-27.533983],[152.883131,-27.530939],[152.877748,-27.533053],[152.877124,-27.538212],[152.881886,-27.541256],[152.88727,-27.539142]]],"type":"Polygon"},"properties":{"hex_id":"88be8d1603fffff"},"type":"Feature"},{"geometry":{"coordinates":[[[152.887673,-27.578301],[152.888296,-27.573141],[152.883533,-27.570097],[152.878147,-27.572211],[152.877523,-27.577371],[152.882287,-27.580416],[152.887673,-27.578301]]],"type":"Polygon"},"properties":{"hex_id":"88be8db965fffff"},"type":"Feature"},{"geometry":{"coordinates":[[[152.888734,-27.484516],[152.889356,-27.479358],[152.884598,-27.476315],[152.879217,-27.478429],[152.878594,-27.483586],[152.883353,-27.48663],[152.888734,-27.484516]]],"type":"Polygon"},"properties":{"hex_id":"88be8d146bfffff"},"type":"Feature"},{"geometry":{"coordinates":[[[152.889541,-27.562822],[152.890164,-27.557663],[152.885402,-27.554619],[152.880016,-27.556733],[152.879393,-27.561893],[152.884156,-27.564937],[152.889541,-27.562822]]],"type":"Polygon"},"properties":{"hex_id":"88be8d1651fffff"},"type":"Feature"},{"geometry":{"coordinates":[[[152.891409,-27.547345],[152.892031,-27.542186],[152.88727,-27.539142],[152.881886,-27.541256],[152.881263,-27.546415],[152.886024,-27.54946],[152.891409,-27.547345]]],"type":"Polygon"},"properties":{"hex_id":"88be8d160bfffff"},"type":"Feature"},{"geometry":{"coordinates":[[[152.891814,-27.586505],[152.892437,-27.581346],[152.887673,-27.578301],[152.882287,-27.580416],[152.881663,-27.585575],[152.886427,-27.58862],[152.891814,-27.586505]]],"type":"Polygon"},"properties":{"hex_id":"88be8db96dfffff"},"type":"Feature"},{"geometry":{"coordinates":[[[152.89287,-27.492717],[152.893492,-27.487559],[152.888734,-27.484516],[152.883353,-27.48663],[152.88273,-27.491788],[152.887489,-27.494831],[152.89287,-27.492717]]],"type":"Polygon"},"properties":{"hex_id":"88be8d1445fffff"},"type":"Feature"},{"geometry":{"coordinates":[[[152.893276,-27.531868],[152.893898,-27.52671],[152.889137,-27.523666],[152.883754,-27.52578],[152.883131,-27.530939],[152.887892,-27.533983],[152.893276,-27.531868]]],"type":"Polygon"},"properties":{"hex_id":"88be8d1607fffff"},"type":"Feature"},{"geometry":{"coordinates":[[[152.893682,-27.571026],[152.894304,-27.565867],[152.889541,-27.562822],[152.884156,-27.564937],[152.883533,-27.570097],[152.888296,-27.573141],[152.893682,-27.571026]]],"type":"Polygon"},"properties":{"hex_id":"88be8d1659fffff"},"type":"Feature"},{"geometry":{"coordinates":[[[152.894736,-27.477244],[152.895358,-27.472086],[152.8906,-27.469043],[152.88522,-27.471158],[152.884598,-27.476315],[152.889356,-27.479358],[152.894736,-27.477244]]],"type":"Polygon"},"properties":{"hex_id":"88be8d1461fffff"},"type":"Feature"},{"geometry":{"coordinates":[[[152.895549,-27.555548],[152.896171,-27.550389],[152.891409,-27.547345],[152.886024,-27.54946],[152.885402,-27.554619],[152.890164,-27.557663],[152.895549,-27.555548]]],"type":"Polygon"},"properties":{"hex_id":"88be8d1655fffff"},"type":"Feature"},{"geometry":{"coordinates":[[[152.897008,-27.500918],[152.89763,-27.49576],[152.89287,-27.492717],[152.887489,-27.494831],[152.886867,-27.499989],[152.891626,-27.503033],[152.897008,-27.500918]]],"type":"Polygon"},"properties":{"hex_id":"88be8d144dfffff"},"type":"Feature"},{"geometry":{"coordinates":[[[152.897415,-27.540071],[152.898037,-27.534912],[152.893276,-27.531868],[152.887892,-27.533983],[152.88727,-27.539142],[152.892031,-27.542186],[152.897415,-27.540071]]],"type":"Polygon"},"properties":{"hex_id":"88be8d1601fffff"},"type":"Feature"},{"geometry":{"coordinates":[[[152.897823,-27.57923],[152.898445,-27.574071],[152.893682,-27.571026],[152.888296,-27.573141],[152.887673,-27.578301],[152.892437,-27.581346],[152.897823,-27.57923]]],"type":"Polygon"},"properties":{"hex_id":"88be8d8cb3fffff"},"type":"Feature"},{"geometry":{"coordinates":[[[152.898873,-27.485445],[152.899495,-27.480287],[152.894736,-27.477244],[152.889356,-27.479358],[152.888734,-27.484516],[152.893492,-27.487559],[152.898873,-27.485445]]],"type":"Polygon"},"properties":{"hex_id":"88be8d1469fffff"},"type":"Feature"},{"geometry":{"coordinates":[[[152.899281,-27.524595],[152.899903,-27.519436],[152.895142,-27.516393],[152.88976,-27.518507],[152.889137,-27.523666],[152.893898,-27.52671],[152.899281,-27.524595]]],"type":"Polygon"},"properties":{"hex_id":"88be8d162bfffff"},"type":"Feature"},{"geometry":{"coordinates":[[[152.900099,-27.602915],[152.900721,-27.597755],[152.895956,-27.59471],[152.890569,-27.596825],[152.889946,-27.601985],[152.894711,-27.60503],[152.900099,-27.602915]]],"type":"Polygon"},"properties":{"hex_id":"88be8d8c91fffff"},"type":"Feature"},{"geometry":{"coordinates":[[[152.900329,-27.430831],[152.90095,-27.425674],[152.896194,-27.422632],[152.890817,-27.424746],[152.890196,-27.429902],[152.894952,-27.432945],[152.900329,-27.430831]]],"type":"Polygon"},"properties":{"hex_id":"88be8d1503fffff"},"type":"Feature"},{"geometry":{"coordinates":[[[152.900738,-27.469972],[152.901359,-27.464815],[152.896601,-27.461772],[152.891222,-27.463886],[152.8906,-27.469043],[152.895358,-27.472086],[152.900738,-27.469972]]],"type":"Polygon"},"properties":{"hex_id":"88be8d1465fffff"},"type":"Feature"},{"geometry":{"coordinates":[[[152.901146,-27.50912],[152.901768,-27.503961],[152.897008,-27.500918],[152.891626,-27.503033],[152.891004,-27.508191],[152.895764,-27.511234],[152.901146,-27.50912]]],"type":"Polygon"},"properties":{"hex_id":"88be8d1627fffff"},"type":"Feature"},{"geometry":{"coordinates":[[[152.901556,-27.548274],[152.902177,-27.543115],[152.897415,-27.540071],[152.892031,-27.542186],[152.891409,-27.547345],[152.896171,-27.550389],[152.901556,-27.548274]]],"type":"Polygon"},"properties":{"hex_id":"88be8d1609fffff"},"type":"Feature"},{"geometry":{"coordinates":[[[152.903011,-27.493645],[152.903632,-27.488488],[152.898873,-27.485445],[152.893492,-27.487559],[152.89287,-27.492717],[152.89763,-27.49576],[152.903011,-27.493645]]],"type":"Polygon"},"properties":{"hex_id":"88be8d1713fffff"},"type":"Feature"},{"geometry":{"coordinates":[[[152.903421,-27.532797],[152.904043,-27.527638],[152.899281,-27.524595],[152.893898,-27.52671],[152.893276,-27.531868],[152.898037,-27.534912],[152.903421,-27.532797]]],"type":"Polygon"},"properties":{"hex_id":"88be8d1605fffff"},"type":"Feature"},{"geometry":{"coordinates":[[[152.903831,-27.571955],[152.904453,-27.566796],[152.89969,-27.563752],[152.894304,-27.565867],[152.893682,-27.571026],[152.898445,-27.574071],[152.903831,-27.571955]]],"type":"Polygon"},"properties":{"hex_id":"88be8d8cb7fffff"},"type":"Feature"},{"geometry":{"coordinates":[[[152.904464,-27.439029],[152.905085,-27.433873],[152.900329,-27.430831],[152.894952,-27.432945],[152.89433,-27.438102],[152.899087,-27.441144],[152.904464,-27.439029]]],"type":"Polygon"},"properties":{"hex_id":"88be8d150bfffff"},"type":"Feature"},{"geometry":{"coordinates":[[[152.904875,-27.478172],[152.905496,-27.473015],[152.900738,-27.469972],[152.895358,-27.472086],[152.894736,-27.477244],[152.899495,-27.480287],[152.904875,-27.478172]]],"type":"Polygon"},"properties":{"hex_id":"88be8d146dfffff"},"type":"Feature"},{"geometry":{"coordinates":[[[152.905286,-27.517321],[152.905907,-27.512163],[152.901146,-27.50912],[152.895764,-27.511234],[152.895142,-27.516393],[152.899903,-27.519436],[152.905286,-27.517321]]],"type":"Polygon"},"properties":{"hex_id":"88be8d1621fffff"},"type":"Feature"},{"geometry":{"coordinates":[[[152.905697,-27.556477],[152.906318,-27.551318],[152.901556,-27.548274],[152.896171,-27.550389],[152.895549,-27.555548],[152.900312,-27.558592],[152.905697,-27.556477]]],"type":"Polygon"},"properties":{"hex_id":"88be8d1643fffff"},"type":"Feature"},{"geometry":{"coordinates":[[[152.906108,-27.595639],[152.90673,-27.590479],[152.901965,-27.587434],[152.896578,-27.58955],[152.895956,-27.59471],[152.900721,-27.597755],[152.906108,-27.595639]]],"type":"Polygon"},"properties":{"hex_id":"88be8d8c95fffff"},"type":"Feature"},{"geometry":{"coordinates":[[[152.906327,-27.42356],[152.906948,-27.418403],[152.902192,-27.415362],[152.896816,-27.417476],[152.896194,-27.422632],[152.90095,-27.425674],[152.906327,-27.42356]]],"type":"Polygon"},"properties":{"hex_id":"88be8d1507fffff"},"type":"Feature"},{"geometry":{"coordinates":[[[152.90715,-27.501846],[152.907771,-27.496688],[152.903011,-27.493645],[152.89763,-27.49576],[152.897008,-27.500918],[152.901768,-27.503961],[152.90715,-27.501846]]],"type":"Polygon"},"properties":{"hex_id":"88be8d171bfffff"},"type":"Feature"},{"geometry":{"coordinates":[[[152.907561,-27.540999],[152.908183,-27.535841],[152.903421,-27.532797],[152.898037,-27.534912],[152.897415,-27.540071],[152.902177,-27.543115],[152.907561,-27.540999]]],"type":"Polygon"},"properties":{"hex_id":"88be8d160dfffff"},"type":"Feature"},{"geometry":{"coordinates":[[[152.907974,-27.580159],[152.908595,-27.574999],[152.903831,-27.571955],[152.898445,-27.574071],[152.897823,-27.57923],[152.902587,-27.582275],[152.907974,-27.580159]]],"type":"Polygon"},"properties":{"hex_id":"88be8d8cb1fffff"},"type":"Feature"},{"geometry":{"coordinates":[[[152.908189,-27.408091],[152.908809,-27.402935],[152.904054,-27.399893],[152.898679,-27.402008],[152.898058,-27.407163],[152.902813,-27.410205],[152.908189,-27.408091]]],"type":"Polygon"},"properties":{"hex_id":"88be8d1523fffff"},"type":"Feature"},{"geometry":{"coordinates":[[[152.908601,-27.447228],[152.909221,-27.442072],[152.904464,-27.439029],[152.899087,-27.441144],[152.898465,-27.446301],[152.903222,-27.449343],[152.908601,-27.447228]]],"type":"Polygon"},"properties":{"hex_id":"88be8d1555fffff"},"type":"Feature"},{"geometry":{"coordinates":[[[152.909013,-27.486372],[152.909634,-27.481215],[152.904875,-27.478172],[152.899495,-27.480287],[152.898873,-27.485445],[152.903632,-27.488488],[152.909013,-27.486372]]],"type":"Polygon"},"properties":{"hex_id":"88be8d1717fffff"},"type":"Feature"},{"geometry":{"coordinates":[[[152.909425,-27.525523],[152.910047,-27.520364],[152.905286,-27.517321],[152.899903,-27.519436],[152.899281,-27.524595],[152.904043,-27.527638],[152.909425,-27.525523]]],"type":"Polygon"},"properties":{"hex_id":"88be8d1629fffff"},"type":"Feature"},{"geometry":{"coordinates":[[[152.909838,-27.56468],[152.91046,-27.559521],[152.905697,-27.556477],[152.900312,-27.558592],[152.89969,-27.563752],[152.904453,-27.566796],[152.909838,-27.56468]]],"type":"Polygon"},"properties":{"hex_id":"88be8d164bfffff"},"type":"Feature"},{"geometry":{"coordinates":[[[152.910463,-27.431758],[152.911083,-27.426602],[152.906327,-27.42356],[152.90095,-27.425674],[152.900329,-27.430831],[152.905085,-27.433873],[152.910463,-27.431758]]],"type":"Polygon"},"properties":{"hex_id":"88be8d1501fffff"},"type":"Feature"},{"geometry":{"coordinates":[[[152.910876,-27.4709],[152.911496,-27.465742],[152.906738,-27.4627],[152.901359,-27.464815],[152.900738,-27.469972],[152.905496,-27.473015],[152.910876,-27.4709]]],"type":"Polygon"},"properties":{"hex_id":"88be8d1733fffff"},"type":"Feature"},{"geometry":{"coordinates":[[[152.911289,-27.510048],[152.91191,-27.504889],[152.90715,-27.501846],[152.901768,-27.503961],[152.901146,-27.50912],[152.905907,-27.512163],[152.911289,-27.510048]]],"type":"Polygon"},"properties":{"hex_id":"88be8d1625fffff"},"type":"Feature"},{"geometry":{"coordinates":[[[152.911703,-27.549202],[152.912324,-27.544043],[152.907561,-27.540999],[152.902177,-27.543115],[152.901556,-27.548274],[152.906318,-27.551318],[152.911703,-27.549202]]],"type":"Polygon"},"properties":{"hex_id":"88be8d1647fffff"},"type":"Feature"},{"geometry":{"coordinates":[[[152.912117,-27.588363],[152.912738,-27.583203],[152.907974,-27.580159],[152.902587,-27.582275],[152.901965,-27.587434],[152.90673,-27.590479],[152.912117,-27.588363]]],"type":"Polygon"},"properties":{"hex_id":"88be8d8cb9fffff"},"type":"Feature"},{"geometry":{"coordinates":[[[152.912324,-27.416289],[152.912944,-27.411132],[152.908189,-27.408091],[152.902813,-27.410205],[152.902192,-27.415362],[152.906948,-27.418403],[152.912324,-27.416289]]],"type":"Polygon"},"properties":{"hex_id":"88be8d152bfffff"},"type":"Feature"},{"geometry":{"coordinates":[[[152.912738,-27.455428],[152.913358,-27.450271],[152.908601,-27.447228],[152.903222,-27.449343],[152.902601,-27.4545],[152.907359,-27.457543],[152.912738,-27.455428]]],"type":"Polygon"},"properties":{"hex_id":"88be8d155dfffff"},"type":"Feature"},{"geometry":{"coordinates":[[[152.913152,-27.494573],[152.913772,-27.489415],[152.909013,-27.486372],[152.903632,-27.488488],[152.903011,-27.493645],[152.907771,-27.496688],[152.913152,-27.494573]]],"type":"Polygon"},"properties":{"hex_id":"88be8d1711fffff"},"type":"Feature"},{"geometry":{"coordinates":[[[152.913566,-27.533725],[152.914187,-27.528566],[152.909425,-27.525523],[152.904043,-27.527638],[152.903421,-27.532797],[152.908183,-27.535841],[152.913566,-27.533725]]],"type":"Polygon"},"properties":{"hex_id":"88be8d1663fffff"},"type":"Feature"},{"geometry":{"coordinates":[[[152.913981,-27.572883],[152.914602,-27.567724],[152.909838,-27.56468],[152.904453,-27.566796],[152.903831,-27.571955],[152.908595,-27.574999],[152.913981,-27.572883]]],"type":"Polygon"},"properties":{"hex_id":"88be8d8cb5fffff"},"type":"Feature"},{"geometry":{"coordinates":[[[152.914599,-27.439957],[152.915219,-27.4348],[152.910463,-27.431758],[152.905085,-27.433873],[152.904464,-27.439029],[152.909221,-27.442072],[152.914599,-27.439957]]],"type":"Polygon"},"properties":{"hex_id":"88be8d1509fffff"},"type":"Feature"},{"geometry":{"coordinates":[[[152.915014,-27.4791],[152.915634,-27.473942],[152.910876,-27.4709],[152.905496,-27.473015],[152.904875,-27.478172],[152.909634,-27.481215],[152.915014,-27.4791]]],"type":"Polygon"},"properties":{"hex_id":"88be8d173bfffff"},"type":"Feature"},{"geometry":{"coordinates":[[[152.915429,-27.518249],[152.91605,-27.51309],[152.911289,-27.510048],[152.905907,-27.512163],[152.905286,-27.517321],[152.910047,-27.520364],[152.915429,-27.518249]]],"type":"Polygon"},"properties":{"hex_id":"88be8d162dfffff"},"type":"Feature"},{"geometry":{"coordinates":[[[152.915845,-27.557405],[152.916466,-27.552245],[152.911703,-27.549202],[152.906318,-27.551318],[152.905697,-27.556477],[152.91046,-27.559521],[152.915845,-27.557405]]],"type":"Polygon"},"properties":{"hex_id":"88be8d1641fffff"},"type":"Feature"},{"geometry":{"coordinates":[[[152.91626,-27.596567],[152.916882,-27.591407],[152.912117,-27.588363],[152.90673,-27.590479],[152.906108,-27.595639],[152.910873,-27.598683],[152.91626,-27.596567]]],"type":"Polygon"},"properties":{"hex_id":"88be8d8c83fffff"},"type":"Feature"},{"geometry":{"coordinates":[[[152.91646,-27.424487],[152.91708,-27.41933],[152.912324,-27.416289],[152.906948,-27.418403],[152.906327,-27.42356],[152.911083,-27.426602],[152.91646,-27.424487]]],"type":"Polygon"},"properties":{"hex_id":"88be8d1505fffff"},"type":"Feature"},{"geometry":{"coordinates":[[[152.916875,-27.463627],[152.917496,-27.45847],[152.912738,-27.455428],[152.907359,-27.457543],[152.906738,-27.4627],[152.911496,-27.465742],[152.916875,-27.463627]]],"type":"Polygon"},"properties":{"hex_id":"88be8d1737fffff"},"type":"Feature"},{"geometry":{"coordinates":[[[152.917291,-27.502774],[152.917912,-27.497616],[152.913152,-27.494573],[152.907771,-27.496688],[152.90715,-27.501846],[152.91191,-27.504889],[152.917291,-27.502774]]],"type":"Polygon"},"properties":{"hex_id":"88be8d1719fffff"},"type":"Feature"},{"geometry":{"coordinates":[[[152.917708,-27.541927],[152.918328,-27.536768],[152.913566,-27.533725],[152.908183,-27.535841],[152.907561,-27.540999],[152.912324,-27.544043],[152.917708,-27.541927]]],"type":"Polygon"},"properties":{"hex_id":"88be8d166bfffff"},"type":"Feature"},{"geometry":{"coordinates":[[[152.918124,-27.581087],[152.918745,-27.575927],[152.913981,-27.572883],[152.908595,-27.574999],[152.907974,-27.580159],[152.912738,-27.583203],[152.918124,-27.581087]]],"type":"Polygon"},"properties":{"hex_id":"88be8d8cbdfffff"},"type":"Feature"},{"geometry":{"coordinates":[[[152.91832,-27.409018],[152.91894,-27.403862],[152.914185,-27.40082],[152.908809,-27.402935],[152.908189,-27.408091],[152.912944,-27.411132],[152.91832,-27.409018]]],"type":"Polygon"},"properties":{"hex_id":"88be8d1521fffff"},"type":"Feature"},{"geometry":{"coordinates":[[[152.918736,-27.448155],[152.919356,-27.442998],[152.914599,-27.439957],[152.909221,-27.442072],[152.908601,-27.447228],[152.913358,-27.450271],[152.918736,-27.448155]]],"type":"Polygon"},"properties":{"hex_id":"88be8d1543fffff"},"type":"Feature"},{"geometry":{"coordinates":[[[152.919153,-27.4873],[152.919773,-27.482142],[152.915014,-27.4791],[152.909634,-27.481215],[152.909013,-27.486372],[152.913772,-27.489415],[152.919153,-27.4873]]],"type":"Polygon"},"properties":{"hex_id":"88be8d1715fffff"},"type":"Feature"},{"geometry":{"coordinates":[[[152.91957,-27.52645],[152.92019,-27.521292],[152.915429,-27.518249],[152.910047,-27.520364],[152.909425,-27.525523],[152.914187,-27.528566],[152.91957,-27.52645]]],"type":"Polygon"},"properties":{"hex_id":"88be8d1667fffff"},"type":"Feature"},{"geometry":{"coordinates":[[[152.919987,-27.565608],[152.920608,-27.560448],[152.915845,-27.557405],[152.91046,-27.559521],[152.909838,-27.56468],[152.914602,-27.567724],[152.919987,-27.565608]]],"type":"Polygon"},"properties":{"hex_id":"88be8d1649fffff"},"type":"Feature"},{"geometry":{"coordinates":[[[152.920405,-27.604771],[152.921026,-27.599611],[152.91626,-27.596567],[152.910873,-27.598683],[152.910252,-27.603843],[152.915018,-27.606888],[152.920405,-27.604771]]],"type":"Polygon"},"properties":{"hex_id":"88be8d8c8bfffff"},"type":"Feature"},{"geometry":{"coordinates":[[[152.920596,-27.432685],[152.921216,-27.427528],[152.91646,-27.424487],[152.911083,-27.426602],[152.910463,-27.431758],[152.915219,-27.4348],[152.920596,-27.432685]]],"type":"Polygon"},"properties":{"hex_id":"88be8d150dfffff"},"type":"Feature"},{"geometry":{"coordinates":[[[152.921014,-27.471827],[152.921634,-27.466669],[152.916875,-27.463627],[152.911496,-27.465742],[152.910876,-27.4709],[152.915634,-27.473942],[152.921014,-27.471827]]],"type":"Polygon"},"properties":{"hex_id":"88be8d1731fffff"},"type":"Feature"},{"geometry":{"coordinates":[[[152.921432,-27.510975],[152.922052,-27.505816],[152.917291,-27.502774],[152.91191,-27.504889],[152.911289,-27.510048],[152.91605,-27.51309],[152.921432,-27.510975]]],"type":"Polygon"},"properties":{"hex_id":"88be8d1753fffff"},"type":"Feature"},{"geometry":{"coordinates":[[[152.92185,-27.550129],[152.92247,-27.54497],[152.917708,-27.541927],[152.912324,-27.544043],[152.911703,-27.549202],[152.916466,-27.552245],[152.92185,-27.550129]]],"type":"Polygon"},"properties":{"hex_id":"88be8d1645fffff"},"type":"Feature"},{"geometry":{"coordinates":[[[152.922268,-27.589291],[152.922889,-27.584131],[152.918124,-27.581087],[152.912738,-27.583203],[152.912117,-27.588363],[152.916882,-27.591407],[152.922268,-27.589291]]],"type":"Polygon"},"properties":{"hex_id":"88be8d8c87fffff"},"type":"Feature"},{"geometry":{"coordinates":[[[152.922456,-27.417215],[152.923076,-27.412059],[152.91832,-27.409018],[152.912944,-27.411132],[152.912324,-27.416289],[152.91708,-27.41933],[152.922456,-27.417215]]],"type":"Polygon"},"properties":{"hex_id":"88be8d1529fffff"},"type":"Feature"},{"geometry":{"coordinates":[[[152.922874,-27.456354],[152.923494,-27.451197],[152.918736,-27.448155],[152.913358,-27.450271],[152.912738,-27.455428],[152.917496,-27.45847],[152.922874,-27.456354]]],"type":"Polygon"},"properties":{"hex_id":"88be8d154bfffff"},"type":"Feature"},{"geometry":{"coordinates":[[[152.923293,-27.4955],[152.923913,-27.490342],[152.919153,-27.4873],[152.913772,-27.489415],[152.913152,-27.494573],[152.917912,-27.497616],[152.923293,-27.4955]]],"type":"Polygon"},"properties":{"hex_id":"88be8d171dfffff"},"type":"Feature"},{"geometry":{"coordinates":[[[152.923712,-27.534652],[152.924332,-27.529493],[152.91957,-27.52645],[152.914187,-27.528566],[152.913566,-27.533725],[152.918328,-27.536768],[152.923712,-27.534652]]],"type":"Polygon"},"properties":{"hex_id":"88be8d1661fffff"},"type":"Feature"},{"geometry":{"coordinates":[[[152.924131,-27.573811],[152.924751,-27.568651],[152.919987,-27.565608],[152.914602,-27.567724],[152.913981,-27.572883],[152.918745,-27.575927],[152.924131,-27.573811]]],"type":"Polygon"},"properties":{"hex_id":"88be8d8ca3fffff"},"type":"Feature"},{"geometry":{"coordinates":[[[152.924315,-27.401747],[152.924934,-27.396591],[152.920179,-27.39355],[152.914805,-27.395664],[152.914185,-27.40082],[152.91894,-27.403862],[152.924315,-27.401747]]],"type":"Polygon"},"properties":{"hex_id":"88be8d1525fffff"},"type":"Feature"},{"geometry":{"coordinates":[[[152.924734,-27.440883],[152.925354,-27.435726],[152.920596,-27.432685],[152.915219,-27.4348],[152.914599,-27.439957],[152.919356,-27.442998],[152.924734,-27.440883]]],"type":"Polygon"},"properties":{"hex_id":"88be8d1547fffff"},"type":"Feature"},{"geometry":{"coordinates":[[[152.925153,-27.480026],[152.925773,-27.474869],[152.921014,-27.471827],[152.915634,-27.473942],[152.915014,-27.4791],[152.919773,-27.482142],[152.925153,-27.480026]]],"type":"Polygon"},"properties":{"hex_id":"88be8d1739fffff"},"type":"Feature"},{"geometry":{"coordinates":[[[152.925573,-27.519176],[152.926193,-27.514017],[152.921432,-27.510975],[152.91605,-27.51309],[152.915429,-27.518249],[152.92019,-27.521292],[152.925573,-27.519176]]],"type":"Polygon"},"properties":{"hex_id":"88be8d175bfffff"},"type":"Feature"},{"geometry":{"coordinates":[[[152.925993,-27.558332],[152.926613,-27.553173],[152.92185,-27.550129],[152.916466,-27.552245],[152.915845,-27.557405],[152.920608,-27.560448],[152.925993,-27.558332]]],"type":"Polygon"},"properties":{"hex_id":"88be8d164dfffff"},"type":"Feature"},{"geometry":{"coordinates":[[[152.926413,-27.597494],[152.927034,-27.592334],[152.922268,-27.589291],[152.916882,-27.591407],[152.91626,-27.596567],[152.921026,-27.599611],[152.926413,-27.597494]]],"type":"Polygon"},"properties":{"hex_id":"88be8d8c81fffff"},"type":"Feature"},{"geometry":{"coordinates":[[[152.926593,-27.425413],[152.927212,-27.420256],[152.922456,-27.417215],[152.91708,-27.41933],[152.91646,-27.424487],[152.921216,-27.427528],[152.926593,-27.425413]]],"type":"Polygon"},"properties":{"hex_id":"88be8d1563fffff"},"type":"Feature"},{"geometry":{"coordinates":[[[152.927013,-27.464554],[152.927633,-27.459396],[152.922874,-27.456354],[152.917496,-27.45847],[152.916875,-27.463627],[152.921634,-27.466669],[152.927013,-27.464554]]],"type":"Polygon"},"properties":{"hex_id":"88be8d1735fffff"},"type":"Feature"},{"geometry":{"coordinates":[[[152.927433,-27.503701],[152.928053,-27.498542],[152.923293,-27.4955],[152.917912,-27.497616],[152.917291,-27.502774],[152.922052,-27.505816],[152.927433,-27.503701]]],"type":"Polygon"},"properties":{"hex_id":"88be8d1757fffff"},"type":"Feature"},{"geometry":{"coordinates":[[[152.927854,-27.542854],[152.928474,-27.537695],[152.923712,-27.534652],[152.918328,-27.536768],[152.917708,-27.541927],[152.92247,-27.54497],[152.927854,-27.542854]]],"type":"Polygon"},"properties":{"hex_id":"88be8d1669fffff"},"type":"Feature"},{"geometry":{"coordinates":[[[152.928275,-27.582014],[152.928896,-27.576854],[152.924131,-27.573811],[152.918745,-27.575927],[152.918124,-27.581087],[152.922889,-27.584131],[152.928275,-27.582014]]],"type":"Polygon"},"properties":{"hex_id":"88be8d8cabfffff"},"type":"Feature"},{"geometry":{"coordinates":[[[152.928451,-27.409944],[152.929071,-27.404788],[152.924315,-27.401747],[152.91894,-27.403862],[152.91832,-27.409018],[152.923076,-27.412059],[152.928451,-27.409944]]],"type":"Polygon"},"properties":{"hex_id":"88be8d152dfffff"},"type":"Feature"},{"geometry":{"coordinates":[[[152.928872,-27.449082],[152.929492,-27.443925],[152.924734,-27.440883],[152.919356,-27.442998],[152.918736,-27.448155],[152.923494,-27.451197],[152.928872,-27.449082]]],"type":"Polygon"},"properties":{"hex_id":"88be8d1541fffff"},"type":"Feature"},{"geometry":{"coordinates":[[[152.929293,-27.488226],[152.929913,-27.483068],[152.925153,-27.480026],[152.919773,-27.482142],[152.919153,-27.4873],[152.923913,-27.490342],[152.929293,-27.488226]]],"type":"Polygon"},"properties":{"hex_id":"88be8d1703fffff"},"type":"Feature"},{"geometry":{"coordinates":[[[152.929715,-27.527377],[152.930335,-27.522218],[152.925573,-27.519176],[152.92019,-27.521292],[152.91957,-27.52645],[152.924332,-27.529493],[152.929715,-27.527377]]],"type":"Polygon"},"properties":{"hex_id":"88be8d1665fffff"},"type":"Feature"},{"geometry":{"coordinates":[[[152.930136,-27.566535],[152.930757,-27.561375],[152.925993,-27.558332],[152.920608,-27.560448],[152.919987,-27.565608],[152.924751,-27.568651],[152.930136,-27.566535]]],"type":"Polygon"},"properties":{"hex_id":"88be8d8ca7fffff"},"type":"Feature"},{"geometry":{"coordinates":[[[152.930559,-27.605699],[152.931179,-27.600538],[152.926413,-27.597494],[152.921026,-27.599611],[152.920405,-27.604771],[152.925171,-27.607815],[152.930559,-27.605699]]],"type":"Polygon"},"properties":{"hex_id":"88be8d8c89fffff"},"type":"Feature"},{"geometry":{"coordinates":[[[152.93073,-27.433611],[152.93135,-27.428454],[152.926593,-27.425413],[152.921216,-27.427528],[152.920596,-27.432685],[152.925354,-27.435726],[152.93073,-27.433611]]],"type":"Polygon"},"properties":{"hex_id":"88be8d156bfffff"},"type":"Feature"},{"geometry":{"coordinates":[[[152.931152,-27.472753],[152.931772,-27.467595],[152.927013,-27.464554],[152.921634,-27.466669],[152.921014,-27.471827],[152.925773,-27.474869],[152.931152,-27.472753]]],"type":"Polygon"},"properties":{"hex_id":"88be8d173dfffff"},"type":"Feature"},{"geometry":{"coordinates":[[[152.931575,-27.511901],[152.932194,-27.506743],[152.927433,-27.503701],[152.922052,-27.505816],[152.921432,-27.510975],[152.926193,-27.514017],[152.931575,-27.511901]]],"type":"Polygon"},"properties":{"hex_id":"88be8d1751fffff"},"type":"Feature"},{"geometry":{"coordinates":[[[152.931997,-27.551056],[152.932617,-27.545897],[152.927854,-27.542854],[152.92247,-27.54497],[152.92185,-27.550129],[152.926613,-27.553173],[152.931997,-27.551056]]],"type":"Polygon"},"properties":{"hex_id":"88be8d8d93fffff"},"type":"Feature"},{"geometry":{"coordinates":[[[152.93242,-27.590218],[152.93304,-27.585057],[152.928275,-27.582014],[152.922889,-27.584131],[152.922268,-27.589291],[152.927034,-27.592334],[152.93242,-27.590218]]],"type":"Polygon"},"properties":{"hex_id":"88be8d8c85fffff"},"type":"Feature"},{"geometry":{"coordinates":[[[152.932588,-27.418141],[152.933207,-27.412985],[152.928451,-27.409944],[152.923076,-27.412059],[152.922456,-27.417215],[152.927212,-27.420256],[152.932588,-27.418141]]],"type":"Polygon"},"properties":{"hex_id":"88be8d1567fffff"},"type":"Feature"},{"geometry":{"coordinates":[[[152.933011,-27.45728],[152.93363,-27.452123],[152.928872,-27.449082],[152.923494,-27.451197],[152.922874,-27.456354],[152.927633,-27.459396],[152.933011,-27.45728]]],"type":"Polygon"},"properties":{"hex_id":"88be8d1549fffff"},"type":"Feature"},{"geometry":{"coordinates":[[[152.933434,-27.496426],[152.934054,-27.491268],[152.929293,-27.488226],[152.923913,-27.490342],[152.923293,-27.4955],[152.928053,-27.498542],[152.933434,-27.496426]]],"type":"Polygon"},"properties":{"hex_id":"88be8d170bfffff"},"type":"Feature"},{"geometry":{"coordinates":[[[152.933857,-27.535579],[152.934477,-27.53042],[152.929715,-27.527377],[152.924332,-27.529493],[152.923712,-27.534652],[152.928474,-27.537695],[152.933857,-27.535579]]],"type":"Polygon"},"properties":{"hex_id":"88be8d166dfffff"},"type":"Feature"},{"geometry":{"coordinates":[[[152.934281,-27.574738],[152.934901,-27.569578],[152.930136,-27.566535],[152.924751,-27.568651],[152.924131,-27.573811],[152.928896,-27.576854],[152.934281,-27.574738]]],"type":"Polygon"},"properties":{"hex_id":"88be8d8ca1fffff"},"type":"Feature"},{"geometry":{"coordinates":[[[152.934446,-27.402672],[152.935064,-27.397516],[152.930309,-27.394475],[152.924934,-27.396591],[152.924315,-27.401747],[152.929071,-27.404788],[152.934446,-27.402672]]],"type":"Polygon"},"properties":{"hex_id":"88be8d0253fffff"},"type":"Feature"},{"geometry":{"coordinates":[[[152.934705,-27.613903],[152.935325,-27.608742],[152.930559,-27.605699],[152.925171,-27.607815],[152.92455,-27.612976],[152.929317,-27.61602],[152.934705,-27.613903]]],"type":"Polygon"},"properties":{"hex_id":"88be8d8cc3fffff"},"type":"Feature"},{"geometry":{"coordinates":[[[152.934869,-27.441809],[152.935488,-27.436652],[152.93073,-27.433611],[152.925354,-27.435726],[152.924734,-27.440883],[152.929492,-27.443925],[152.934869,-27.441809]]],"type":"Polygon"},"properties":{"hex_id":"88be8d1545fffff"},"type":"Feature"},{"geometry":{"coordinates":[[[152.935293,-27.480952],[152.935912,-27.475795],[152.931152,-27.472753],[152.925773,-27.474869],[152.925153,-27.480026],[152.929913,-27.483068],[152.935293,-27.480952]]],"type":"Polygon"},"properties":{"hex_id":"88be8d1707fffff"},"type":"Feature"},{"geometry":{"coordinates":[[[152.935717,-27.520102],[152.936336,-27.514944],[152.931575,-27.511901],[152.926193,-27.514017],[152.925573,-27.519176],[152.930335,-27.522218],[152.935717,-27.520102]]],"type":"Polygon"},"properties":{"hex_id":"88be8d1759fffff"},"type":"Feature"},{"geometry":{"coordinates":[[[152.936141,-27.559258],[152.936761,-27.554099],[152.931997,-27.551056],[152.926613,-27.553173],[152.925993,-27.558332],[152.930757,-27.561375],[152.936141,-27.559258]]],"type":"Polygon"},"properties":{"hex_id":"88be8d8d9bfffff"},"type":"Feature"},{"geometry":{"coordinates":[[[152.936566,-27.598421],[152.937186,-27.593261],[152.93242,-27.590218],[152.927034,-27.592334],[152.926413,-27.597494],[152.931179,-27.600538],[152.936566,-27.598421]]],"type":"Polygon"},"properties":{"hex_id":"88be8d8c8dfffff"},"type":"Feature"},{"geometry":{"coordinates":[[[152.936726,-27.426339],[152.937345,-27.421182],[152.932588,-27.418141],[152.927212,-27.420256],[152.926593,-27.425413],[152.93135,-27.428454],[152.936726,-27.426339]]],"type":"Polygon"},"properties":{"hex_id":"88be8d1561fffff"},"type":"Feature"},{"geometry":{"coordinates":[[[152.937151,-27.465479],[152.93777,-27.460322],[152.933011,-27.45728],[152.927633,-27.459396],[152.927013,-27.464554],[152.931772,-27.467595],[152.937151,-27.465479]]],"type":"Polygon"},"properties":{"hex_id":"88be8d1723fffff"},"type":"Feature"},{"geometry":{"coordinates":[[[152.937575,-27.504627],[152.938195,-27.499468],[152.933434,-27.496426],[152.928053,-27.498542],[152.927433,-27.503701],[152.932194,-27.506743],[152.937575,-27.504627]]],"type":"Polygon"},"properties":{"hex_id":"88be8d1755fffff"},"type":"Feature"},{"geometry":{"coordinates":[[[152.938001,-27.54378],[152.93862,-27.538621],[152.933857,-27.535579],[152.928474,-27.537695],[152.927854,-27.542854],[152.932617,-27.545897],[152.938001,-27.54378]]],"type":"Polygon"},"properties":{"hex_id":"88be8d8d97fffff"},"type":"Feature"},{"geometry":{"coordinates":[[[152.938426,-27.582941],[152.939046,-27.577781],[152.934281,-27.574738],[152.928896,-27.576854],[152.928275,-27.582014],[152.93304,-27.585057],[152.938426,-27.582941]]],"type":"Polygon"},"properties":{"hex_id":"88be8d8ca9fffff"},"type":"Feature"},{"geometry":{"coordinates":[[[152.938583,-27.410869],[152.939202,-27.405713],[152.934446,-27.402672],[152.929071,-27.404788],[152.928451,-27.409944],[152.933207,-27.412985],[152.938583,-27.410869]]],"type":"Polygon"},"properties":{"hex_id":"88be8d025bfffff"},"type":"Feature"},{"geometry":{"coordinates":[[[152.939008,-27.450007],[152.939627,-27.44485],[152.934869,-27.441809],[152.929492,-27.443925],[152.928872,-27.449082],[152.93363,-27.452123],[152.939008,-27.450007]]],"type":"Polygon"},"properties":{"hex_id":"88be8d154dfffff"},"type":"Feature"},{"geometry":{"coordinates":[[[152.939434,-27.489152],[152.940053,-27.483994],[152.935293,-27.480952],[152.929913,-27.483068],[152.929293,-27.488226],[152.934054,-27.491268],[152.939434,-27.489152]]],"type":"Polygon"},"properties":{"hex_id":"88be8d1701fffff"},"type":"Feature"},{"geometry":{"coordinates":[[[152.93986,-27.528303],[152.940479,-27.523144],[152.935717,-27.520102],[152.930335,-27.522218],[152.929715,-27.527377],[152.934477,-27.53042],[152.93986,-27.528303]]],"type":"Polygon"},"properties":{"hex_id":"88be8d8db3fffff"},"type":"Feature"},{"geometry":{"coordinates":[[[152.940286,-27.567461],[152.940906,-27.562301],[152.936141,-27.559258],[152.930757,-27.561375],[152.930136,-27.566535],[152.934901,-27.569578],[152.940286,-27.567461]]],"type":"Polygon"},"properties":{"hex_id":"88be8d8ca5fffff"},"type":"Feature"},{"geometry":{"coordinates":[[[152.940713,-27.606625],[152.941333,-27.601464],[152.936566,-27.598421],[152.931179,-27.600538],[152.930559,-27.605699],[152.935325,-27.608742],[152.940713,-27.606625]]],"type":"Polygon"},"properties":{"hex_id":"88be8d8cc7fffff"},"type":"Feature"},{"geometry":{"coordinates":[[[152.940865,-27.434536],[152.941484,-27.429379],[152.936726,-27.426339],[152.93135,-27.428454],[152.93073,-27.433611],[152.935488,-27.436652],[152.940865,-27.434536]]],"type":"Polygon"},"properties":{"hex_id":"88be8d1569fffff"},"type":"Feature"},{"geometry":{"coordinates":[[[152.941291,-27.473678],[152.94191,-27.468521],[152.937151,-27.465479],[152.931772,-27.467595],[152.931152,-27.472753],[152.935912,-27.475795],[152.941291,-27.473678]]],"type":"Polygon"},"properties":{"hex_id":"88be8d172bfffff"},"type":"Feature"},{"geometry":{"coordinates":[[[152.941718,-27.512827],[152.942337,-27.507669],[152.937575,-27.504627],[152.932194,-27.506743],[152.931575,-27.511901],[152.936336,-27.514944],[152.941718,-27.512827]]],"type":"Polygon"},"properties":{"hex_id":"88be8d175dfffff"},"type":"Feature"},{"geometry":{"coordinates":[[[152.942145,-27.551982],[152.942764,-27.546823],[152.938001,-27.54378],[152.932617,-27.545897],[152.931997,-27.551056],[152.936761,-27.554099],[152.942145,-27.551982]]],"type":"Polygon"},"properties":{"hex_id":"88be8d8d91fffff"},"type":"Feature"},{"geometry":{"coordinates":[[[152.942572,-27.591144],[152.943192,-27.585984],[152.938426,-27.582941],[152.93304,-27.585057],[152.93242,-27.590218],[152.937186,-27.593261],[152.942572,-27.591144]]],"type":"Polygon"},"properties":{"hex_id":"88be8d8ce3fffff"},"type":"Feature"},{"geometry":{"coordinates":[[[152.942721,-27.419066],[152.94334,-27.41391],[152.938583,-27.410869],[152.933207,-27.412985],[152.932588,-27.418141],[152.937345,-27.421182],[152.942721,-27.419066]]],"type":"Polygon"},"properties":{"hex_id":"88be8d1565fffff"},"type":"Feature"},{"geometry":{"coordinates":[[[152.943148,-27.458206],[152.943767,-27.453048],[152.939008,-27.450007],[152.93363,-27.452123],[152.933011,-27.45728],[152.93777,-27.460322],[152.943148,-27.458206]]],"type":"Polygon"},"properties":{"hex_id":"88be8d1727fffff"},"type":"Feature"},{"geometry":{"coordinates":[[[152.943575,-27.497352],[152.944194,-27.492194],[152.939434,-27.489152],[152.934054,-27.491268],[152.933434,-27.496426],[152.938195,-27.499468],[152.943575,-27.497352]]],"type":"Polygon"},"properties":{"hex_id":"88be8d1709fffff"},"type":"Feature"},{"geometry":{"coordinates":[[[152.944003,-27.536504],[152.944623,-27.531345],[152.93986,-27.528303],[152.934477,-27.53042],[152.933857,-27.535579],[152.93862,-27.538621],[152.944003,-27.536504]]],"type":"Polygon"},"properties":{"hex_id":"88be8d8dbbfffff"},"type":"Feature"},{"geometry":{"coordinates":[[[152.944431,-27.575663],[152.945051,-27.570504],[152.940286,-27.567461],[152.934901,-27.569578],[152.934281,-27.574738],[152.939046,-27.577781],[152.944431,-27.575663]]],"type":"Polygon"},"properties":{"hex_id":"88be8d8cadfffff"},"type":"Feature"},{"geometry":{"coordinates":[[[152.944576,-27.403597],[152.945195,-27.398441],[152.940439,-27.395401],[152.935064,-27.397516],[152.934446,-27.402672],[152.939202,-27.405713],[152.944576,-27.403597]]],"type":"Polygon"},"properties":{"hex_id":"88be8d0251fffff"},"type":"Feature"},{"geometry":{"coordinates":[[[152.94486,-27.614829],[152.94548,-27.609668],[152.940713,-27.606625],[152.935325,-27.608742],[152.934705,-27.613903],[152.939472,-27.616946],[152.94486,-27.614829]]],"type":"Polygon"},"properties":{"hex_id":"88be8d8cc1fffff"},"type":"Feature"},{"geometry":{"coordinates":[[[152.945004,-27.442734],[152.945623,-27.437577],[152.940865,-27.434536],[152.935488,-27.436652],[152.934869,-27.441809],[152.939627,-27.44485],[152.945004,-27.442734]]],"type":"Polygon"},"properties":{"hex_id":"88be8d1093fffff"},"type":"Feature"},{"geometry":{"coordinates":[[[152.945432,-27.481878],[152.946051,-27.47672],[152.941291,-27.473678],[152.935912,-27.475795],[152.935293,-27.480952],[152.940053,-27.483994],[152.945432,-27.481878]]],"type":"Polygon"},"properties":{"hex_id":"88be8d1705fffff"},"type":"Feature"},{"geometry":{"coordinates":[[[152.945861,-27.521028],[152.94648,-27.515869],[152.941718,-27.512827],[152.936336,-27.514944],[152.935717,-27.520102],[152.940479,-27.523144],[152.945861,-27.521028]]],"type":"Polygon"},"properties":{"hex_id":"88be8d8db7fffff"},"type":"Feature"},{"geometry":{"coordinates":[[[152.94629,-27.560184],[152.946909,-27.555025],[152.942145,-27.551982],[152.936761,-27.554099],[152.936141,-27.559258],[152.940906,-27.562301],[152.94629,-27.560184]]],"type":"Polygon"},"properties":{"hex_id":"88be8d8d99fffff"},"type":"Feature"},{"geometry":{"coordinates":[[[152.946719,-27.599347],[152.947339,-27.594187],[152.942572,-27.591144],[152.937186,-27.593261],[152.936566,-27.598421],[152.941333,-27.601464],[152.946719,-27.599347]]],"type":"Polygon"},"properties":{"hex_id":"88be8d8cebfffff"},"type":"Feature"},{"geometry":{"coordinates":[[[152.94686,-27.427263],[152.947478,-27.422107],[152.942721,-27.419066],[152.937345,-27.421182],[152.936726,-27.426339],[152.941484,-27.429379],[152.94686,-27.427263]]],"type":"Polygon"},"properties":{"hex_id":"88be8d156dfffff"},"type":"Feature"},{"geometry":{"coordinates":[[[152.947289,-27.466404],[152.947907,-27.461247],[152.943148,-27.458206],[152.93777,-27.460322],[152.937151,-27.465479],[152.94191,-27.468521],[152.947289,-27.466404]]],"type":"Polygon"},"properties":{"hex_id":"88be8d1721fffff"},"type":"Feature"},{"geometry":{"coordinates":[[[152.947718,-27.505552],[152.948337,-27.500393],[152.943575,-27.497352],[152.938195,-27.499468],[152.937575,-27.504627],[152.942337,-27.507669],[152.947718,-27.505552]]],"type":"Polygon"},"properties":{"hex_id":"88be8d1743fffff"},"type":"Feature"},{"geometry":{"coordinates":[[[152.948148,-27.544706],[152.948767,-27.539547],[152.944003,-27.536504],[152.93862,-27.538621],[152.938001,-27.54378],[152.942764,-27.546823],[152.948148,-27.544706]]],"type":"Polygon"},"properties":{"hex_id":"88be8d8d95fffff"},"type":"Feature"},{"geometry":{"coordinates":[[[152.948578,-27.583866],[152.949197,-27.578706],[152.944431,-27.575663],[152.939046,-27.577781],[152.938426,-27.582941],[152.943192,-27.585984],[152.948578,-27.583866]]],"type":"Polygon"},"properties":{"hex_id":"88be8d8ce7fffff"},"type":"Feature"},{"geometry":{"coordinates":[[[152.948715,-27.411794],[152.949333,-27.406637],[152.944576,-27.403597],[152.939202,-27.405713],[152.938583,-27.410869],[152.94334,-27.41391],[152.948715,-27.411794]]],"type":"Polygon"},"properties":{"hex_id":"88be8d0259fffff"},"type":"Feature"},{"geometry":{"coordinates":[[[152.949008,-27.623033],[152.949628,-27.617872],[152.94486,-27.614829],[152.939472,-27.616946],[152.938852,-27.622107],[152.94362,-27.625151],[152.949008,-27.623033]]],"type":"Polygon"},"properties":{"hex_id":"88be8d8cc9fffff"},"type":"Feature"},{"geometry":{"coordinates":[[[152.949144,-27.450932],[152.949763,-27.445775],[152.945004,-27.442734],[152.939627,-27.44485],[152.939008,-27.450007],[152.943767,-27.453048],[152.949144,-27.450932]]],"type":"Polygon"},"properties":{"hex_id":"88be8d109bfffff"},"type":"Feature"},{"geometry":{"coordinates":[[[152.949574,-27.490077],[152.950193,-27.484919],[152.945432,-27.481878],[152.940053,-27.483994],[152.939434,-27.489152],[152.944194,-27.492194],[152.949574,-27.490077]]],"type":"Polygon"},"properties":{"hex_id":"88be8d170dfffff"},"type":"Feature"},{"geometry":{"coordinates":[[[152.950005,-27.529228],[152.950624,-27.52407],[152.945861,-27.521028],[152.940479,-27.523144],[152.93986,-27.528303],[152.944623,-27.531345],[152.950005,-27.529228]]],"type":"Polygon"},"properties":{"hex_id":"88be8d8db1fffff"},"type":"Feature"},{"geometry":{"coordinates":[[[152.950436,-27.568386],[152.951055,-27.563227],[152.94629,-27.560184],[152.940906,-27.562301],[152.940286,-27.567461],[152.945051,-27.570504],[152.950436,-27.568386]]],"type":"Polygon"},"properties":{"hex_id":"88be8d8dd3fffff"},"type":"Feature"},{"geometry":{"coordinates":[[[152.950867,-27.607551],[152.951486,-27.60239],[152.946719,-27.599347],[152.941333,-27.601464],[152.940713,-27.606625],[152.94548,-27.609668],[152.950867,-27.607551]]],"type":"Polygon"},"properties":{"hex_id":"88be8d8cc5fffff"},"type":"Feature"},{"geometry":{"coordinates":[[[152.950999,-27.435461],[152.951618,-27.430304],[152.94686,-27.427263],[152.941484,-27.429379],[152.940865,-27.434536],[152.945623,-27.437577],[152.950999,-27.435461]]],"type":"Polygon"},"properties":{"hex_id":"88be8d1097fffff"},"type":"Feature"},{"geometry":{"coordinates":[[[152.95143,-27.474603],[152.952049,-27.469445],[152.947289,-27.466404],[152.94191,-27.468521],[152.941291,-27.473678],[152.946051,-27.47672],[152.95143,-27.474603]]],"type":"Polygon"},"properties":{"hex_id":"88be8d1729fffff"},"type":"Feature"},{"geometry":{"coordinates":[[[152.951861,-27.513752],[152.95248,-27.508593],[152.947718,-27.505552],[152.942337,-27.507669],[152.941718,-27.512827],[152.94648,-27.515869],[152.951861,-27.513752]]],"type":"Polygon"},"properties":{"hex_id":"88be8d174bfffff"},"type":"Feature"},{"geometry":{"coordinates":[[[152.952293,-27.552907],[152.952912,-27.547748],[152.948148,-27.544706],[152.942764,-27.546823],[152.942145,-27.551982],[152.946909,-27.555025],[152.952293,-27.552907]]],"type":"Polygon"},"properties":{"hex_id":"88be8d8d9dfffff"},"type":"Feature"},{"geometry":{"coordinates":[[[152.952725,-27.592069],[152.953344,-27.586909],[152.948578,-27.583866],[152.943192,-27.585984],[152.942572,-27.591144],[152.947339,-27.594187],[152.952725,-27.592069]]],"type":"Polygon"},"properties":{"hex_id":"88be8d8ce1fffff"},"type":"Feature"},{"geometry":{"coordinates":[[[152.952854,-27.41999],[152.953472,-27.414834],[152.948715,-27.411794],[152.94334,-27.41391],[152.942721,-27.419066],[152.947478,-27.422107],[152.952854,-27.41999]]],"type":"Polygon"},"properties":{"hex_id":"88be8d10b3fffff"},"type":"Feature"},{"geometry":{"coordinates":[[[152.953157,-27.631237],[152.953776,-27.626076],[152.949008,-27.623033],[152.94362,-27.625151],[152.943,-27.630312],[152.947769,-27.633355],[152.953157,-27.631237]]],"type":"Polygon"},"properties":{"hex_id":"88be8d8ea3fffff"},"type":"Feature"},{"geometry":{"coordinates":[[[152.953285,-27.45913],[152.953904,-27.453973],[152.949144,-27.450932],[152.943767,-27.453048],[152.943148,-27.458206],[152.947907,-27.461247],[152.953285,-27.45913]]],"type":"Polygon"},"properties":{"hex_id":"88be8d1725fffff"},"type":"Feature"},{"geometry":{"coordinates":[[[152.953717,-27.498277],[152.954336,-27.493118],[152.949574,-27.490077],[152.944194,-27.492194],[152.943575,-27.497352],[152.948337,-27.500393],[152.953717,-27.498277]]],"type":"Polygon"},"properties":{"hex_id":"88be8d1747fffff"},"type":"Feature"},{"geometry":{"coordinates":[[[152.954149,-27.537429],[152.954768,-27.53227],[152.950005,-27.529228],[152.944623,-27.531345],[152.944003,-27.536504],[152.948767,-27.539547],[152.954149,-27.537429]]],"type":"Polygon"},"properties":{"hex_id":"88be8d8db9fffff"},"type":"Feature"},{"geometry":{"coordinates":[[[152.954582,-27.576589],[152.955201,-27.571429],[152.950436,-27.568386],[152.945051,-27.570504],[152.944431,-27.575663],[152.949197,-27.578706],[152.954582,-27.576589]]],"type":"Polygon"},"properties":{"hex_id":"88be8d8ddbfffff"},"type":"Feature"},{"geometry":{"coordinates":[[[152.955015,-27.615754],[152.955634,-27.610594],[152.950867,-27.607551],[152.94548,-27.609668],[152.94486,-27.614829],[152.949628,-27.617872],[152.955015,-27.615754]]],"type":"Polygon"},"properties":{"hex_id":"88be8d8ccdfffff"},"type":"Feature"},{"geometry":{"coordinates":[[[152.95514,-27.443658],[152.955758,-27.438501],[152.950999,-27.435461],[152.945623,-27.437577],[152.945004,-27.442734],[152.949763,-27.445775],[152.95514,-27.443658]]],"type":"Polygon"},"properties":{"hex_id":"88be8d1091fffff"},"type":"Feature"},{"geometry":{"coordinates":[[[152.955572,-27.482802],[152.956191,-27.477644],[152.95143,-27.474603],[152.946051,-27.47672],[152.945432,-27.481878],[152.950193,-27.484919],[152.955572,-27.482802]]],"type":"Polygon"},"properties":{"hex_id":"88be8d1763fffff"},"type":"Feature"},{"geometry":{"coordinates":[[[152.956005,-27.521952],[152.956624,-27.516794],[152.951861,-27.513752],[152.94648,-27.515869],[152.945861,-27.521028],[152.950624,-27.52407],[152.956005,-27.521952]]],"type":"Polygon"},"properties":{"hex_id":"88be8d8db5fffff"},"type":"Feature"},{"geometry":{"coordinates":[[[152.956439,-27.561109],[152.957058,-27.55595],[152.952293,-27.552907],[152.946909,-27.555025],[152.94629,-27.560184],[152.951055,-27.563227],[152.956439,-27.561109]]],"type":"Polygon"},"properties":{"hex_id":"88be8d8dd7fffff"},"type":"Feature"},{"geometry":{"coordinates":[[[152.956873,-27.600272],[152.957492,-27.595112],[152.952725,-27.592069],[152.947339,-27.594187],[152.946719,-27.599347],[152.951486,-27.60239],[152.956873,-27.600272]]],"type":"Polygon"},"properties":{"hex_id":"88be8d8ce9fffff"},"type":"Feature"},{"geometry":{"coordinates":[[[152.956994,-27.428187],[152.957612,-27.423031],[152.952854,-27.41999],[152.947478,-27.422107],[152.94686,-27.427263],[152.951618,-27.430304],[152.956994,-27.428187]]],"type":"Polygon"},"properties":{"hex_id":"88be8d10bbfffff"},"type":"Feature"},{"geometry":{"coordinates":[[[152.957427,-27.467329],[152.958045,-27.462171],[152.953285,-27.45913],[152.947907,-27.461247],[152.947289,-27.466404],[152.952049,-27.469445],[152.957427,-27.467329]]],"type":"Polygon"},"properties":{"hex_id":"88be8d172dfffff"},"type":"Feature"},{"geometry":{"coordinates":[[[152.957861,-27.506476],[152.958479,-27.501318],[152.953717,-27.498277],[152.948337,-27.500393],[152.947718,-27.505552],[152.95248,-27.508593],[152.957861,-27.506476]]],"type":"Polygon"},"properties":{"hex_id":"88be8d1741fffff"},"type":"Feature"},{"geometry":{"coordinates":[[[152.958295,-27.545631],[152.958913,-27.540471],[152.954149,-27.537429],[152.948767,-27.539547],[152.948148,-27.544706],[152.952912,-27.547748],[152.958295,-27.545631]]],"type":"Polygon"},"properties":{"hex_id":"88be8d8d83fffff"},"type":"Feature"},{"geometry":{"coordinates":[[[152.958729,-27.584791],[152.959348,-27.579631],[152.954582,-27.576589],[152.949197,-27.578706],[152.948578,-27.583866],[152.953344,-27.586909],[152.958729,-27.584791]]],"type":"Polygon"},"properties":{"hex_id":"88be8d8ce5fffff"},"type":"Feature"},{"geometry":{"coordinates":[[[152.958847,-27.412717],[152.959465,-27.407561],[152.954708,-27.404521],[152.949333,-27.406637],[152.948715,-27.411794],[152.953472,-27.414834],[152.958847,-27.412717]]],"type":"Polygon"},"properties":{"hex_id":"88be8d10b7fffff"},"type":"Feature"},{"geometry":{"coordinates":[[[152.959164,-27.623958],[152.959783,-27.618797],[152.955015,-27.615754],[152.949628,-27.617872],[152.949008,-27.623033],[152.953776,-27.626076],[152.959164,-27.623958]]],"type":"Polygon"},"properties":{"hex_id":"88be8d8ea7fffff"},"type":"Feature"},{"geometry":{"coordinates":[[[152.959281,-27.451856],[152.959899,-27.446699],[152.95514,-27.443658],[152.949763,-27.445775],[152.949144,-27.450932],[152.953904,-27.453973],[152.959281,-27.451856]]],"type":"Polygon"},"properties":{"hex_id":"88be8d1099fffff"},"type":"Feature"},{"geometry":{"coordinates":[[[152.959715,-27.491001],[152.960334,-27.485843],[152.955572,-27.482802],[152.950193,-27.484919],[152.949574,-27.490077],[152.954336,-27.493118],[152.959715,-27.491001]]],"type":"Polygon"},"properties":{"hex_id":"88be8d176bfffff"},"type":"Feature"},{"geometry":{"coordinates":[[[152.96015,-27.530153],[152.960769,-27.524994],[152.956005,-27.521952],[152.950624,-27.52407],[152.950005,-27.529228],[152.954768,-27.53227],[152.96015,-27.530153]]],"type":"Polygon"},"properties":{"hex_id":"88be8d8dbdfffff"},"type":"Feature"},{"geometry":{"coordinates":[[[152.960586,-27.569311],[152.961204,-27.564151],[152.956439,-27.561109],[152.951055,-27.563227],[152.950436,-27.568386],[152.955201,-27.571429],[152.960586,-27.569311]]],"type":"Polygon"},"properties":{"hex_id":"88be8d8dd1fffff"},"type":"Feature"},{"geometry":{"coordinates":[[[152.961021,-27.608476],[152.96164,-27.603315],[152.956873,-27.600272],[152.951486,-27.60239],[152.950867,-27.607551],[152.955634,-27.610594],[152.961021,-27.608476]]],"type":"Polygon"},"properties":{"hex_id":"88be8d8c13fffff"},"type":"Feature"},{"geometry":{"coordinates":[[[152.961134,-27.436385],[152.961752,-27.431228],[152.956994,-27.428187],[152.951618,-27.430304],[152.950999,-27.435461],[152.955758,-27.438501],[152.961134,-27.436385]]],"type":"Polygon"},"properties":{"hex_id":"88be8d1095fffff"},"type":"Feature"},{"geometry":{"coordinates":[[[152.96157,-27.475527],[152.962187,-27.470369],[152.957427,-27.467329],[152.952049,-27.469445],[152.95143,-27.474603],[152.956191,-27.477644],[152.96157,-27.475527]]],"type":"Polygon"},"properties":{"hex_id":"88be8d1767fffff"},"type":"Feature"},{"geometry":{"coordinates":[[[152.962005,-27.514676],[152.962623,-27.509518],[152.957861,-27.506476],[152.95248,-27.508593],[152.951861,-27.513752],[152.956624,-27.516794],[152.962005,-27.514676]]],"type":"Polygon"},"properties":{"hex_id":"88be8d1749fffff"},"type":"Feature"},{"geometry":{"coordinates":[[[152.962441,-27.553832],[152.963059,-27.548672],[152.958295,-27.545631],[152.952912,-27.547748],[152.952293,-27.552907],[152.957058,-27.55595],[152.962441,-27.553832]]],"type":"Polygon"},"properties":{"hex_id":"88be8d8d8bfffff"},"type":"Feature"},{"geometry":{"coordinates":[[[152.962877,-27.592994],[152.963496,-27.587834],[152.958729,-27.584791],[152.953344,-27.586909],[152.952725,-27.592069],[152.957492,-27.595112],[152.962877,-27.592994]]],"type":"Polygon"},"properties":{"hex_id":"88be8d8cedfffff"},"type":"Feature"},{"geometry":{"coordinates":[[[152.962987,-27.420914],[152.963604,-27.415757],[152.958847,-27.412717],[152.953472,-27.414834],[152.952854,-27.41999],[152.957612,-27.423031],[152.962987,-27.420914]]],"type":"Polygon"},"properties":{"hex_id":"88be8d10b1fffff"},"type":"Feature"},{"geometry":{"coordinates":[[[152.963314,-27.632162],[152.963933,-27.627001],[152.959164,-27.623958],[152.953776,-27.626076],[152.953157,-27.631237],[152.957926,-27.634281],[152.963314,-27.632162]]],"type":"Polygon"},"properties":{"hex_id":"88be8d8ea1fffff"},"type":"Feature"},{"geometry":{"coordinates":[[[152.963423,-27.460054],[152.964041,-27.454897],[152.959281,-27.451856],[152.953904,-27.453973],[152.953285,-27.45913],[152.958045,-27.462171],[152.963423,-27.460054]]],"type":"Polygon"},"properties":{"hex_id":"88be8d10d3fffff"},"type":"Feature"},{"geometry":{"coordinates":[[[152.963859,-27.499201],[152.964477,-27.494042],[152.959715,-27.491001],[152.954336,-27.493118],[152.953717,-27.498277],[152.958479,-27.501318],[152.963859,-27.499201]]],"type":"Polygon"},"properties":{"hex_id":"88be8d1745fffff"},"type":"Feature"},{"geometry":{"coordinates":[[[152.964733,-27.577513],[152.965351,-27.572353],[152.960586,-27.569311],[152.955201,-27.571429],[152.954582,-27.576589],[152.959348,-27.579631],[152.964733,-27.577513]]],"type":"Polygon"},"properties":{"hex_id":"88be8d8dd9fffff"},"type":"Feature"},{"geometry":{"coordinates":[[[152.964839,-27.405444],[152.965456,-27.400288],[152.9607,-27.397248],[152.955325,-27.399365],[152.954708,-27.404521],[152.959465,-27.407561],[152.964839,-27.405444]]],"type":"Polygon"},"properties":{"hex_id":"88be8d024bfffff"},"type":"Feature"},{"geometry":{"coordinates":[[[152.965171,-27.616679],[152.965789,-27.611518],[152.961021,-27.608476],[152.955634,-27.610594],[152.955015,-27.615754],[152.959783,-27.618797],[152.965171,-27.616679]]],"type":"Polygon"},"properties":{"hex_id":"88be8d8c1bfffff"},"type":"Feature"},{"geometry":{"coordinates":[[[152.965276,-27.444582],[152.965893,-27.439425],[152.961134,-27.436385],[152.955758,-27.438501],[152.95514,-27.443658],[152.959899,-27.446699],[152.965276,-27.444582]]],"type":"Polygon"},"properties":{"hex_id":"88be8d109dfffff"},"type":"Feature"},{"geometry":{"coordinates":[[[152.965713,-27.483726],[152.96633,-27.478568],[152.96157,-27.475527],[152.956191,-27.477644],[152.955572,-27.482802],[152.960334,-27.485843],[152.965713,-27.483726]]],"type":"Polygon"},"properties":{"hex_id":"88be8d1761fffff"},"type":"Feature"},{"geometry":{"coordinates":[[[152.96615,-27.522877],[152.966768,-27.517718],[152.962005,-27.514676],[152.956624,-27.516794],[152.956005,-27.521952],[152.960769,-27.524994],[152.96615,-27.522877]]],"type":"Polygon"},"properties":{"hex_id":"88be8d8da3fffff"},"type":"Feature"},{"geometry":{"coordinates":[[[152.966588,-27.562034],[152.967206,-27.556874],[152.962441,-27.553832],[152.957058,-27.55595],[152.956439,-27.561109],[152.961204,-27.564151],[152.966588,-27.562034]]],"type":"Polygon"},"properties":{"hex_id":"88be8d8dd5fffff"},"type":"Feature"},{"geometry":{"coordinates":[[[152.967026,-27.601197],[152.967645,-27.596036],[152.962877,-27.592994],[152.957492,-27.595112],[152.956873,-27.600272],[152.96164,-27.603315],[152.967026,-27.601197]]],"type":"Polygon"},"properties":{"hex_id":"88be8d8c17fffff"},"type":"Feature"},{"geometry":{"coordinates":[[[152.967128,-27.429111],[152.967745,-27.423954],[152.962987,-27.420914],[152.957612,-27.423031],[152.956994,-27.428187],[152.961752,-27.431228],[152.967128,-27.429111]]],"type":"Polygon"},"properties":{"hex_id":"88be8d10b9fffff"},"type":"Feature"},{"geometry":{"coordinates":[[[152.967566,-27.468252],[152.968183,-27.463095],[152.963423,-27.460054],[152.958045,-27.462171],[152.957427,-27.467329],[152.962187,-27.470369],[152.967566,-27.468252]]],"type":"Polygon"},"properties":{"hex_id":"88be8d10dbfffff"},"type":"Feature"},{"geometry":{"coordinates":[[[152.968004,-27.5074],[152.968622,-27.502242],[152.963859,-27.499201],[152.958479,-27.501318],[152.957861,-27.506476],[152.962623,-27.509518],[152.968004,-27.5074]]],"type":"Polygon"},"properties":{"hex_id":"88be8d174dfffff"},"type":"Feature"},{"geometry":{"coordinates":[[[152.968881,-27.585716],[152.9695,-27.580555],[152.964733,-27.577513],[152.959348,-27.579631],[152.958729,-27.584791],[152.963496,-27.587834],[152.968881,-27.585716]]],"type":"Polygon"},"properties":{"hex_id":"88be8d8c33fffff"},"type":"Feature"},{"geometry":{"coordinates":[[[152.968979,-27.413641],[152.969596,-27.408484],[152.964839,-27.405444],[152.959465,-27.407561],[152.958847,-27.412717],[152.963604,-27.415757],[152.968979,-27.413641]]],"type":"Polygon"},"properties":{"hex_id":"88be8d10b5fffff"},"type":"Feature"},{"geometry":{"coordinates":[[[152.969321,-27.624883],[152.969939,-27.619722],[152.965171,-27.616679],[152.959783,-27.618797],[152.959164,-27.623958],[152.963933,-27.627001],[152.969321,-27.624883]]],"type":"Polygon"},"properties":{"hex_id":"88be8d8ea5fffff"},"type":"Feature"},{"geometry":{"coordinates":[[[152.969418,-27.452779],[152.970035,-27.447622],[152.965276,-27.444582],[152.959899,-27.446699],[152.959281,-27.451856],[152.964041,-27.454897],[152.969418,-27.452779]]],"type":"Polygon"},"properties":{"hex_id":"88be8d10d7fffff"},"type":"Feature"},{"geometry":{"coordinates":[[[152.969857,-27.491925],[152.970474,-27.486767],[152.965713,-27.483726],[152.960334,-27.485843],[152.959715,-27.491001],[152.964477,-27.494042],[152.969857,-27.491925]]],"type":"Polygon"},"properties":{"hex_id":"88be8d1769fffff"},"type":"Feature"},{"geometry":{"coordinates":[[[152.970296,-27.531077],[152.970914,-27.525918],[152.96615,-27.522877],[152.960769,-27.524994],[152.96015,-27.530153],[152.964914,-27.533195],[152.970296,-27.531077]]],"type":"Polygon"},"properties":{"hex_id":"88be8d8dabfffff"},"type":"Feature"},{"geometry":{"coordinates":[[[152.970736,-27.570235],[152.971354,-27.565075],[152.966588,-27.562034],[152.961204,-27.564151],[152.960586,-27.569311],[152.965351,-27.572353],[152.970736,-27.570235]]],"type":"Polygon"},"properties":{"hex_id":"88be8d8dddfffff"},"type":"Feature"},{"geometry":{"coordinates":[[[152.971176,-27.6094],[152.971794,-27.604239],[152.967026,-27.601197],[152.96164,-27.603315],[152.961021,-27.608476],[152.965789,-27.611518],[152.971176,-27.6094]]],"type":"Polygon"},"properties":{"hex_id":"88be8d8c11fffff"},"type":"Feature"},{"geometry":{"coordinates":[[[152.971269,-27.437308],[152.971887,-27.432151],[152.967128,-27.429111],[152.961752,-27.431228],[152.961134,-27.436385],[152.965893,-27.439425],[152.971269,-27.437308]]],"type":"Polygon"},"properties":{"hex_id":"88be8d1083fffff"},"type":"Feature"},{"geometry":{"coordinates":[[[152.971709,-27.476451],[152.972326,-27.471293],[152.967566,-27.468252],[152.962187,-27.470369],[152.96157,-27.475527],[152.96633,-27.478568],[152.971709,-27.476451]]],"type":"Polygon"},"properties":{"hex_id":"88be8d1765fffff"},"type":"Feature"},{"geometry":{"coordinates":[[[152.972149,-27.5156],[152.972767,-27.510441],[152.968004,-27.5074],[152.962623,-27.509518],[152.962005,-27.514676],[152.966768,-27.517718],[152.972149,-27.5156]]],"type":"Polygon"},"properties":{"hex_id":"88be8d8da7fffff"},"type":"Feature"},{"geometry":{"coordinates":[[[152.97259,-27.554756],[152.973207,-27.549596],[152.968442,-27.546555],[152.963059,-27.548672],[152.962441,-27.553832],[152.967206,-27.556874],[152.97259,-27.554756]]],"type":"Polygon"},"properties":{"hex_id":"88be8d8d89fffff"},"type":"Feature"},{"geometry":{"coordinates":[[[152.97303,-27.593918],[152.973648,-27.588758],[152.968881,-27.585716],[152.963496,-27.587834],[152.962877,-27.592994],[152.967645,-27.596036],[152.97303,-27.593918]]],"type":"Polygon"},"properties":{"hex_id":"88be8d8c3bfffff"},"type":"Feature"},{"geometry":{"coordinates":[[[152.97312,-27.421837],[152.973737,-27.41668],[152.968979,-27.413641],[152.963604,-27.415757],[152.962987,-27.420914],[152.967745,-27.423954],[152.97312,-27.421837]]],"type":"Polygon"},"properties":{"hex_id":"88be8d10bdfffff"},"type":"Feature"},{"geometry":{"coordinates":[[[152.973472,-27.633087],[152.97409,-27.627925],[152.969321,-27.624883],[152.963933,-27.627001],[152.963314,-27.632162],[152.968084,-27.635205],[152.973472,-27.633087]]],"type":"Polygon"},"properties":{"hex_id":"88be8d8eadfffff"},"type":"Feature"},{"geometry":{"coordinates":[[[152.973561,-27.460977],[152.974178,-27.45582],[152.969418,-27.452779],[152.964041,-27.454897],[152.963423,-27.460054],[152.968183,-27.463095],[152.973561,-27.460977]]],"type":"Polygon"},"properties":{"hex_id":"88be8d10d1fffff"},"type":"Feature"},{"geometry":{"coordinates":[[[152.974002,-27.500124],[152.974619,-27.494966],[152.969857,-27.491925],[152.964477,-27.494042],[152.963859,-27.499201],[152.968622,-27.502242],[152.974002,-27.500124]]],"type":"Polygon"},"properties":{"hex_id":"88be8d1293fffff"},"type":"Feature"},{"geometry":{"coordinates":[[[152.974443,-27.539277],[152.97506,-27.534118],[152.970296,-27.531077],[152.964914,-27.533195],[152.964296,-27.538354],[152.96906,-27.541395],[152.974443,-27.539277]]],"type":"Polygon"},"properties":{"hex_id":"88be8d8d85fffff"},"type":"Feature"},{"geometry":{"coordinates":[[[152.974884,-27.578437],[152.975502,-27.573277],[152.970736,-27.570235],[152.965351,-27.572353],[152.964733,-27.577513],[152.9695,-27.580555],[152.974884,-27.578437]]],"type":"Polygon"},"properties":{"hex_id":"88be8d8c37fffff"},"type":"Feature"},{"geometry":{"coordinates":[[[152.974971,-27.406367],[152.975587,-27.401211],[152.97083,-27.398171],[152.965456,-27.400288],[152.964839,-27.405444],[152.969596,-27.408484],[152.974971,-27.406367]]],"type":"Polygon"},"properties":{"hex_id":"88be8d0249fffff"},"type":"Feature"},{"geometry":{"coordinates":[[[152.975326,-27.617603],[152.975944,-27.612442],[152.971176,-27.6094],[152.965789,-27.611518],[152.965171,-27.616679],[152.969939,-27.619722],[152.975326,-27.617603]]],"type":"Polygon"},"properties":{"hex_id":"88be8d8c19fffff"},"type":"Feature"},{"geometry":{"coordinates":[[[152.975412,-27.445505],[152.976029,-27.440348],[152.971269,-27.437308],[152.965893,-27.439425],[152.965276,-27.444582],[152.970035,-27.447622],[152.975412,-27.445505]]],"type":"Polygon"},"properties":{"hex_id":"88be8d108bfffff"},"type":"Feature"},{"geometry":{"coordinates":[[[152.975853,-27.484649],[152.976471,-27.479491],[152.971709,-27.476451],[152.96633,-27.478568],[152.965713,-27.483726],[152.970474,-27.486767],[152.975853,-27.484649]]],"type":"Polygon"},"properties":{"hex_id":"88be8d176dfffff"},"type":"Feature"},{"geometry":{"coordinates":[[[152.976295,-27.5238],[152.976913,-27.518641],[152.972149,-27.5156],[152.966768,-27.517718],[152.96615,-27.522877],[152.970914,-27.525918],[152.976295,-27.5238]]],"type":"Polygon"},"properties":{"hex_id":"88be8d8da1fffff"},"type":"Feature"},{"geometry":{"coordinates":[[[152.976738,-27.562957],[152.977355,-27.557797],[152.97259,-27.554756],[152.967206,-27.556874],[152.966588,-27.562034],[152.971354,-27.565075],[152.976738,-27.562957]]],"type":"Polygon"},"properties":{"hex_id":"88be8d8dc3fffff"},"type":"Feature"},{"geometry":{"coordinates":[[[152.97718,-27.602121],[152.977798,-27.59696],[152.97303,-27.593918],[152.967645,-27.596036],[152.967026,-27.601197],[152.971794,-27.604239],[152.97718,-27.602121]]],"type":"Polygon"},"properties":{"hex_id":"88be8d8c15fffff"},"type":"Feature"},{"geometry":{"coordinates":[[[152.977262,-27.430033],[152.977879,-27.424876],[152.97312,-27.421837],[152.967745,-27.423954],[152.967128,-27.429111],[152.971887,-27.432151],[152.977262,-27.430033]]],"type":"Polygon"},"properties":{"hex_id":"88be8d1087fffff"},"type":"Feature"},{"geometry":{"coordinates":[[[152.977623,-27.641291],[152.978241,-27.636129],[152.973472,-27.633087],[152.968084,-27.635205],[152.967465,-27.640367],[152.972235,-27.64341],[152.977623,-27.641291]]],"type":"Polygon"},"properties":{"hex_id":"88be8d8ee7fffff"},"type":"Feature"},{"geometry":{"coordinates":[[[152.977705,-27.469175],[152.978321,-27.464017],[152.973561,-27.460977],[152.968183,-27.463095],[152.967566,-27.468252],[152.972326,-27.471293],[152.977705,-27.469175]]],"type":"Polygon"},"properties":{"hex_id":"88be8d10d9fffff"},"type":"Feature"},{"geometry":{"coordinates":[[[152.978147,-27.508323],[152.978764,-27.503165],[152.974002,-27.500124],[152.968622,-27.502242],[152.968004,-27.5074],[152.972767,-27.510441],[152.978147,-27.508323]]],"type":"Polygon"},"properties":{"hex_id":"88be8d129bfffff"},"type":"Feature"},{"geometry":{"coordinates":[[[152.979034,-27.586639],[152.979651,-27.581479],[152.974884,-27.578437],[152.9695,-27.580555],[152.968881,-27.585716],[152.973648,-27.588758],[152.979034,-27.586639]]],"type":"Polygon"},"properties":{"hex_id":"88be8d8c31fffff"},"type":"Feature"},{"geometry":{"coordinates":[[[152.979112,-27.414563],[152.979729,-27.409406],[152.974971,-27.406367],[152.969596,-27.408484],[152.968979,-27.413641],[152.973737,-27.41668],[152.979112,-27.414563]]],"type":"Polygon"},"properties":{"hex_id":"88be8d10a3fffff"},"type":"Feature"},{"geometry":{"coordinates":[[[152.979477,-27.625807],[152.980095,-27.620646],[152.975326,-27.617603],[152.969939,-27.619722],[152.969321,-27.624883],[152.97409,-27.627925],[152.979477,-27.625807]]],"type":"Polygon"},"properties":{"hex_id":"88be8d8c53fffff"},"type":"Feature"},{"geometry":{"coordinates":[[[152.979555,-27.453702],[152.980172,-27.448545],[152.975412,-27.445505],[152.970035,-27.447622],[152.969418,-27.452779],[152.974178,-27.45582],[152.979555,-27.453702]]],"type":"Polygon"},"properties":{"hex_id":"88be8d10d5fffff"},"type":"Feature"},{"geometry":{"coordinates":[[[152.979998,-27.492848],[152.980615,-27.487689],[152.975853,-27.484649],[152.970474,-27.486767],[152.969857,-27.491925],[152.974619,-27.494966],[152.979998,-27.492848]]],"type":"Polygon"},"properties":{"hex_id":"88be8d1297fffff"},"type":"Feature"},{"geometry":{"coordinates":[[[152.980442,-27.532],[152.981059,-27.526841],[152.976295,-27.5238],[152.970914,-27.525918],[152.970296,-27.531077],[152.97506,-27.534118],[152.980442,-27.532]]],"type":"Polygon"},"properties":{"hex_id":"88be8d8da9fffff"},"type":"Feature"},{"geometry":{"coordinates":[[[152.980886,-27.571159],[152.981504,-27.565999],[152.976738,-27.562957],[152.971354,-27.565075],[152.970736,-27.570235],[152.975502,-27.573277],[152.980886,-27.571159]]],"type":"Polygon"},"properties":{"hex_id":"88be8d8dcbfffff"},"type":"Feature"},{"geometry":{"coordinates":[[[152.980961,-27.399094],[152.981577,-27.393937],[152.97682,-27.390898],[152.971447,-27.393015],[152.97083,-27.398171],[152.975587,-27.401211],[152.980961,-27.399094]]],"type":"Polygon"},"properties":{"hex_id":"88be8d024dfffff"},"type":"Feature"},{"geometry":{"coordinates":[[[152.981331,-27.610324],[152.981948,-27.605163],[152.97718,-27.602121],[152.971794,-27.604239],[152.971176,-27.6094],[152.975944,-27.612442],[152.981331,-27.610324]]],"type":"Polygon"},"properties":{"hex_id":"88be8d8c1dfffff"},"type":"Feature"},{"geometry":{"coordinates":[[[152.981405,-27.43823],[152.982021,-27.433073],[152.977262,-27.430033],[152.971887,-27.432151],[152.971269,-27.437308],[152.976029,-27.440348],[152.981405,-27.43823]]],"type":"Polygon"},"properties":{"hex_id":"88be8d1081fffff"},"type":"Feature"},{"geometry":{"coordinates":[[[152.981849,-27.477373],[152.982466,-27.472215],[152.977705,-27.469175],[152.972326,-27.471293],[152.971709,-27.476451],[152.976471,-27.479491],[152.981849,-27.477373]]],"type":"Polygon"},"properties":{"hex_id":"88be8d12b3fffff"},"type":"Feature"},{"geometry":{"coordinates":[[[152.982293,-27.516523],[152.98291,-27.511364],[152.978147,-27.508323],[152.972767,-27.510441],[152.972149,-27.5156],[152.976913,-27.518641],[152.982293,-27.516523]]],"type":"Polygon"},"properties":{"hex_id":"88be8d8da5fffff"},"type":"Feature"},{"geometry":{"coordinates":[[[152.982738,-27.555679],[152.983356,-27.550519],[152.97859,-27.547478],[152.973207,-27.549596],[152.97259,-27.554756],[152.977355,-27.557797],[152.982738,-27.555679]]],"type":"Polygon"},"properties":{"hex_id":"88be8d8dc7fffff"},"type":"Feature"},{"geometry":{"coordinates":[[[152.983184,-27.594841],[152.983801,-27.589681],[152.979034,-27.586639],[152.973648,-27.588758],[152.97303,-27.593918],[152.977798,-27.59696],[152.983184,-27.594841]]],"type":"Polygon"},"properties":{"hex_id":"88be8d8c39fffff"},"type":"Feature"},{"geometry":{"coordinates":[[[152.983254,-27.422759],[152.98387,-27.417602],[152.979112,-27.414563],[152.973737,-27.41668],[152.97312,-27.421837],[152.977879,-27.424876],[152.983254,-27.422759]]],"type":"Polygon"},"properties":{"hex_id":"88be8d10abfffff"},"type":"Feature"},{"geometry":{"coordinates":[[[152.983629,-27.63401],[152.984247,-27.628849],[152.979477,-27.625807],[152.97409,-27.627925],[152.973472,-27.633087],[152.978241,-27.636129],[152.983629,-27.63401]]],"type":"Polygon"},"properties":{"hex_id":"88be8d8c5bfffff"},"type":"Feature"},{"geometry":{"coordinates":[[[152.983699,-27.4619],[152.984315,-27.456742],[152.979555,-27.453702],[152.974178,-27.45582],[152.973561,-27.460977],[152.978321,-27.464017],[152.983699,-27.4619]]],"type":"Polygon"},"properties":{"hex_id":"88be8d10ddfffff"},"type":"Feature"},{"geometry":{"coordinates":[[[152.984144,-27.501047],[152.984761,-27.495888],[152.979998,-27.492848],[152.974619,-27.494966],[152.974002,-27.500124],[152.978764,-27.503165],[152.984144,-27.501047]]],"type":"Polygon"},"properties":{"hex_id":"88be8d1291fffff"},"type":"Feature"},{"geometry":{"coordinates":[[[152.98459,-27.5402],[152.985207,-27.535041],[152.980442,-27.532],[152.97506,-27.534118],[152.974443,-27.539277],[152.979208,-27.542319],[152.98459,-27.5402]]],"type":"Polygon"},"properties":{"hex_id":"88be8d8de3fffff"},"type":"Feature"},{"geometry":{"coordinates":[[[152.985036,-27.57936],[152.985653,-27.5742],[152.980886,-27.571159],[152.975502,-27.573277],[152.974884,-27.578437],[152.979651,-27.581479],[152.985036,-27.57936]]],"type":"Polygon"},"properties":{"hex_id":"88be8d8c35fffff"},"type":"Feature"},{"geometry":{"coordinates":[[[152.985103,-27.407289],[152.985719,-27.402133],[152.980961,-27.399094],[152.975587,-27.401211],[152.974971,-27.406367],[152.979729,-27.409406],[152.985103,-27.407289]]],"type":"Polygon"},"properties":{"hex_id":"88be8d10a7fffff"},"type":"Feature"},{"geometry":{"coordinates":[[[152.985482,-27.618527],[152.9861,-27.613366],[152.981331,-27.610324],[152.975944,-27.612442],[152.975326,-27.617603],[152.980095,-27.620646],[152.985482,-27.618527]]],"type":"Polygon"},"properties":{"hex_id":"88be8d8c57fffff"},"type":"Feature"},{"geometry":{"coordinates":[[[152.985548,-27.446427],[152.986165,-27.44127],[152.981405,-27.43823],[152.976029,-27.440348],[152.975412,-27.445505],[152.980172,-27.448545],[152.985548,-27.446427]]],"type":"Polygon"},"properties":{"hex_id":"88be8d1089fffff"},"type":"Feature"},{"geometry":{"coordinates":[[[152.985994,-27.485571],[152.986611,-27.480413],[152.981849,-27.477373],[152.976471,-27.479491],[152.975853,-27.484649],[152.980615,-27.487689],[152.985994,-27.485571]]],"type":"Polygon"},"properties":{"hex_id":"88be8d12bbfffff"},"type":"Feature"},{"geometry":{"coordinates":[[[152.986441,-27.524722],[152.987057,-27.519563],[152.982293,-27.516523],[152.976913,-27.518641],[152.976295,-27.5238],[152.981059,-27.526841],[152.986441,-27.524722]]],"type":"Polygon"},"properties":{"hex_id":"88be8d8dadfffff"},"type":"Feature"},{"geometry":{"coordinates":[[[152.986505,-27.352691],[152.98712,-27.347536],[152.982366,-27.344498],[152.976995,-27.346614],[152.976379,-27.35177],[152.981134,-27.354808],[152.986505,-27.352691]]],"type":"Polygon"},"properties":{"hex_id":"88be8d0351fffff"},"type":"Feature"},{"geometry":{"coordinates":[[[152.986887,-27.56388],[152.987504,-27.55872],[152.982738,-27.555679],[152.977355,-27.557797],[152.976738,-27.562957],[152.981504,-27.565999],[152.986887,-27.56388]]],"type":"Polygon"},"properties":{"hex_id":"88be8d8dc1fffff"},"type":"Feature"},{"geometry":{"coordinates":[[[152.986951,-27.39182],[152.987567,-27.386664],[152.98281,-27.383625],[152.977437,-27.385742],[152.97682,-27.390898],[152.981577,-27.393937],[152.986951,-27.39182]]],"type":"Polygon"},"properties":{"hex_id":"88be8d1193fffff"},"type":"Feature"},{"geometry":{"coordinates":[[[152.987334,-27.603044],[152.987952,-27.597883],[152.983184,-27.594841],[152.977798,-27.59696],[152.97718,-27.602121],[152.981948,-27.605163],[152.987334,-27.603044]]],"type":"Polygon"},"properties":{"hex_id":"88be8d8c03fffff"},"type":"Feature"},{"geometry":{"coordinates":[[[152.987397,-27.430955],[152.988013,-27.425798],[152.983254,-27.422759],[152.977879,-27.424876],[152.977262,-27.430033],[152.982021,-27.433073],[152.987397,-27.430955]]],"type":"Polygon"},"properties":{"hex_id":"88be8d1085fffff"},"type":"Feature"},{"geometry":{"coordinates":[[[152.987782,-27.642214],[152.988399,-27.637052],[152.983629,-27.63401],[152.978241,-27.636129],[152.977623,-27.641291],[152.982394,-27.644333],[152.987782,-27.642214]]],"type":"Polygon"},"properties":{"hex_id":"88be8d8ee5fffff"},"type":"Feature"},{"geometry":{"coordinates":[[[152.987844,-27.470097],[152.98846,-27.464939],[152.983699,-27.4619],[152.978321,-27.464017],[152.977705,-27.469175],[152.982466,-27.472215],[152.987844,-27.470097]]],"type":"Polygon"},"properties":{"hex_id":"88be8d12b7fffff"},"type":"Feature"},{"geometry":{"coordinates":[[[152.988291,-27.509246],[152.988907,-27.504087],[152.984144,-27.501047],[152.978764,-27.503165],[152.978147,-27.508323],[152.98291,-27.511364],[152.988291,-27.509246]]],"type":"Polygon"},"properties":{"hex_id":"88be8d1299fffff"},"type":"Feature"},{"geometry":{"coordinates":[[[152.988738,-27.548401],[152.989355,-27.543241],[152.98459,-27.5402],[152.979208,-27.542319],[152.97859,-27.547478],[152.983356,-27.550519],[152.988738,-27.548401]]],"type":"Polygon"},"properties":{"hex_id":"88be8d8debfffff"},"type":"Feature"},{"geometry":{"coordinates":[[[152.988798,-27.376352],[152.989414,-27.371196],[152.984658,-27.368158],[152.979286,-27.370275],[152.978669,-27.37543],[152.983426,-27.378469],[152.988798,-27.376352]]],"type":"Polygon"},"properties":{"hex_id":"88be8d026dfffff"},"type":"Feature"},{"geometry":{"coordinates":[[[152.989186,-27.587562],[152.989803,-27.582402],[152.985036,-27.57936],[152.979651,-27.581479],[152.979034,-27.586639],[152.983801,-27.589681],[152.989186,-27.587562]]],"type":"Polygon"},"properties":{"hex_id":"88be8d8c3dfffff"},"type":"Feature"},{"geometry":{"coordinates":[[[152.989245,-27.415485],[152.989861,-27.410328],[152.985103,-27.407289],[152.979729,-27.409406],[152.979112,-27.414563],[152.98387,-27.417602],[152.989245,-27.415485]]],"type":"Polygon"},"properties":{"hex_id":"88be8d10a1fffff"},"type":"Feature"},{"geometry":{"coordinates":[[[152.989634,-27.62673],[152.990252,-27.621568],[152.985482,-27.618527],[152.980095,-27.620646],[152.979477,-27.625807],[152.984247,-27.628849],[152.989634,-27.62673]]],"type":"Polygon"},"properties":{"hex_id":"88be8d8c51fffff"},"type":"Feature"},{"geometry":{"coordinates":[[[152.989692,-27.454624],[152.990309,-27.449467],[152.985548,-27.446427],[152.980172,-27.448545],[152.979555,-27.453702],[152.984315,-27.456742],[152.989692,-27.454624]]],"type":"Polygon"},"properties":{"hex_id":"88be8d10c3fffff"},"type":"Feature"},{"geometry":{"coordinates":[[[152.99014,-27.49377],[152.990757,-27.488612],[152.985994,-27.485571],[152.980615,-27.487689],[152.979998,-27.492848],[152.984761,-27.495888],[152.99014,-27.49377]]],"type":"Polygon"},"properties":{"hex_id":"88be8d1295fffff"},"type":"Feature"},{"geometry":{"coordinates":[[[152.990588,-27.532922],[152.991205,-27.527763],[152.986441,-27.524722],[152.981059,-27.526841],[152.980442,-27.532],[152.985207,-27.535041],[152.990588,-27.532922]]],"type":"Polygon"},"properties":{"hex_id":"88be8d8de7fffff"},"type":"Feature"},{"geometry":{"coordinates":[[[152.991037,-27.572081],[152.991654,-27.566921],[152.986887,-27.56388],[152.981504,-27.565999],[152.980886,-27.571159],[152.985653,-27.5742],[152.991037,-27.572081]]],"type":"Polygon"},"properties":{"hex_id":"88be8d8dc9fffff"},"type":"Feature"},{"geometry":{"coordinates":[[[152.991092,-27.400015],[152.991708,-27.394859],[152.986951,-27.39182],[152.981577,-27.393937],[152.980961,-27.399094],[152.985719,-27.402133],[152.991092,-27.400015]]],"type":"Polygon"},"properties":{"hex_id":"88be8d119bfffff"},"type":"Feature"},{"geometry":{"coordinates":[[[152.991486,-27.611246],[152.992103,-27.606085],[152.987334,-27.603044],[152.981948,-27.605163],[152.981331,-27.610324],[152.9861,-27.613366],[152.991486,-27.611246]]],"type":"Polygon"},"properties":{"hex_id":"88be8d8c0bfffff"},"type":"Feature"},{"geometry":{"coordinates":[[[152.991541,-27.439152],[152.992157,-27.433995],[152.987397,-27.430955],[152.982021,-27.433073],[152.981405,-27.43823],[152.986165,-27.44127],[152.991541,-27.439152]]],"type":"Polygon"},"properties":{"hex_id":"88be8d108dfffff"},"type":"Feature"},{"geometry":{"coordinates":[[[152.991935,-27.650418],[152.992553,-27.645256],[152.987782,-27.642214],[152.982394,-27.644333],[152.981776,-27.649495],[152.986547,-27.652537],[152.991935,-27.650418]]],"type":"Polygon"},"properties":{"hex_id":"88be8d8eedfffff"},"type":"Feature"},{"geometry":{"coordinates":[[[152.991989,-27.478295],[152.992605,-27.473137],[152.987844,-27.470097],[152.982466,-27.472215],[152.981849,-27.477373],[152.986611,-27.480413],[152.991989,-27.478295]]],"type":"Polygon"},"properties":{"hex_id":"88be8d12b1fffff"},"type":"Feature"},{"geometry":{"coordinates":[[[152.992438,-27.517445],[152.993054,-27.512286],[152.988291,-27.509246],[152.98291,-27.511364],[152.982293,-27.516523],[152.987057,-27.519563],[152.992438,-27.517445]]],"type":"Polygon"},"properties":{"hex_id":"88be8d12d3fffff"},"type":"Feature"},{"geometry":{"coordinates":[[[152.992491,-27.345419],[152.993106,-27.340263],[152.988351,-27.337226],[152.982981,-27.339343],[152.982366,-27.344498],[152.98712,-27.347536],[152.992491,-27.345419]]],"type":"Polygon"},"properties":{"hex_id":"88be8d0355fffff"},"type":"Feature"},{"geometry":{"coordinates":[[[152.992887,-27.556601],[152.993504,-27.551441],[152.988738,-27.548401],[152.983356,-27.550519],[152.982738,-27.555679],[152.987504,-27.55872],[152.992887,-27.556601]]],"type":"Polygon"},"properties":{"hex_id":"88be8d8dc5fffff"},"type":"Feature"},{"geometry":{"coordinates":[[[152.992939,-27.384546],[152.993555,-27.37939],[152.988798,-27.376352],[152.983426,-27.378469],[152.98281,-27.383625],[152.987567,-27.386664],[152.992939,-27.384546]]],"type":"Polygon"},"properties":{"hex_id":"88be8d1197fffff"},"type":"Feature"},{"geometry":{"coordinates":[[[152.993337,-27.595764],[152.993954,-27.590603],[152.989186,-27.587562],[152.983801,-27.589681],[152.983184,-27.594841],[152.987952,-27.597883],[152.993337,-27.595764]]],"type":"Polygon"},"properties":{"hex_id":"88be8d8c07fffff"},"type":"Feature"},{"geometry":{"coordinates":[[[152.993388,-27.423681],[152.994004,-27.418524],[152.989245,-27.415485],[152.98387,-27.417602],[152.983254,-27.422759],[152.988013,-27.425798],[152.993388,-27.423681]]],"type":"Polygon"},"properties":{"hex_id":"88be8d10a9fffff"},"type":"Feature"},{"geometry":{"coordinates":[[[152.993787,-27.634933],[152.994404,-27.629772],[152.989634,-27.62673],[152.984247,-27.628849],[152.983629,-27.63401],[152.988399,-27.637052],[152.993787,-27.634933]]],"type":"Polygon"},"properties":{"hex_id":"88be8d8c59fffff"},"type":"Feature"},{"geometry":{"coordinates":[[[152.993837,-27.462821],[152.994453,-27.457664],[152.989692,-27.454624],[152.984315,-27.456742],[152.983699,-27.4619],[152.98846,-27.464939],[152.993837,-27.462821]]],"type":"Polygon"},"properties":{"hex_id":"88be8d10cbfffff"},"type":"Feature"},{"geometry":{"coordinates":[[[152.994287,-27.501969],[152.994903,-27.49681],[152.99014,-27.49377],[152.984761,-27.495888],[152.984144,-27.501047],[152.988907,-27.504087],[152.994287,-27.501969]]],"type":"Polygon"},"properties":{"hex_id":"88be8d129dfffff"},"type":"Feature"},{"geometry":{"coordinates":[[[152.994737,-27.541122],[152.995354,-27.535963],[152.990588,-27.532922],[152.985207,-27.535041],[152.98459,-27.5402],[152.989355,-27.543241],[152.994737,-27.541122]]],"type":"Polygon"},"properties":{"hex_id":"88be8d8de1fffff"},"type":"Feature"},{"geometry":{"coordinates":[[[152.994785,-27.369079],[152.995401,-27.363923],[152.990645,-27.360885],[152.985273,-27.363002],[152.984658,-27.368158],[152.989414,-27.371196],[152.994785,-27.369079]]],"type":"Polygon"},"properties":{"hex_id":"88be8d11b3fffff"},"type":"Feature"},{"geometry":{"coordinates":[[[152.995188,-27.580283],[152.995804,-27.575122],[152.991037,-27.572081],[152.985653,-27.5742],[152.985036,-27.57936],[152.989803,-27.582402],[152.995188,-27.580283]]],"type":"Polygon"},"properties":{"hex_id":"88be8d8c23fffff"},"type":"Feature"},{"geometry":{"coordinates":[[[152.995235,-27.40821],[152.99585,-27.403054],[152.991092,-27.400015],[152.985719,-27.402133],[152.985103,-27.407289],[152.989861,-27.410328],[152.995235,-27.40821]]],"type":"Polygon"},"properties":{"hex_id":"88be8d10a5fffff"},"type":"Feature"},{"geometry":{"coordinates":[[[152.995638,-27.619449],[152.996255,-27.614288],[152.991486,-27.611246],[152.9861,-27.613366],[152.985482,-27.618527],[152.990252,-27.621568],[152.995638,-27.619449]]],"type":"Polygon"},"properties":{"hex_id":"88be8d8c55fffff"},"type":"Feature"},{"geometry":{"coordinates":[[[152.995685,-27.447348],[152.996301,-27.442191],[152.991541,-27.439152],[152.986165,-27.44127],[152.985548,-27.446427],[152.990309,-27.449467],[152.995685,-27.447348]]],"type":"Polygon"},"properties":{"hex_id":"88be8d10c7fffff"},"type":"Feature"},{"geometry":{"coordinates":[[[152.996135,-27.486493],[152.996751,-27.481335],[152.991989,-27.478295],[152.986611,-27.480413],[152.985994,-27.485571],[152.990757,-27.488612],[152.996135,-27.486493]]],"type":"Polygon"},"properties":{"hex_id":"88be8d12b9fffff"},"type":"Feature"},{"geometry":{"coordinates":[[[152.996586,-27.525644],[152.997202,-27.520485],[152.992438,-27.517445],[152.987057,-27.519563],[152.986441,-27.524722],[152.991205,-27.527763],[152.996586,-27.525644]]],"type":"Polygon"},"properties":{"hex_id":"88be8d12dbfffff"},"type":"Feature"},{"geometry":{"coordinates":[[[152.996631,-27.353612],[152.997246,-27.348456],[152.992491,-27.345419],[152.98712,-27.347536],[152.986505,-27.352691],[152.99126,-27.355729],[152.996631,-27.353612]]],"type":"Polygon"},"properties":{"hex_id":"88be8d035dfffff"},"type":"Feature"},{"geometry":{"coordinates":[[[152.997037,-27.564802],[152.997654,-27.559642],[152.992887,-27.556601],[152.987504,-27.55872],[152.986887,-27.56388],[152.991654,-27.566921],[152.997037,-27.564802]]],"type":"Polygon"},"properties":{"hex_id":"88be8d8dcdfffff"},"type":"Feature"},{"geometry":{"coordinates":[[[152.997081,-27.392741],[152.997696,-27.387585],[152.992939,-27.384546],[152.987567,-27.386664],[152.986951,-27.39182],[152.991708,-27.394859],[152.997081,-27.392741]]],"type":"Polygon"},"properties":{"hex_id":"88be8d1191fffff"},"type":"Feature"},{"geometry":{"coordinates":[[[152.997489,-27.603966],[152.998106,-27.598805],[152.993337,-27.595764],[152.987952,-27.597883],[152.987334,-27.603044],[152.992103,-27.606085],[152.997489,-27.603966]]],"type":"Polygon"},"properties":{"hex_id":"88be8d8c01fffff"},"type":"Feature"},{"geometry":{"coordinates":[[[152.997532,-27.431877],[152.998147,-27.426719],[152.993388,-27.423681],[152.988013,-27.425798],[152.987397,-27.430955],[152.992157,-27.433995],[152.997532,-27.431877]]],"type":"Polygon"},"properties":{"hex_id":"88be8d10e3fffff"},"type":"Feature"},{"geometry":{"coordinates":[[[152.997941,-27.643137],[152.998558,-27.637975],[152.993787,-27.634933],[152.988399,-27.637052],[152.987782,-27.642214],[152.992553,-27.645256],[152.997941,-27.643137]]],"type":"Polygon"},"properties":{"hex_id":"88be8d8e33fffff"},"type":"Feature"},{"geometry":{"coordinates":[[[152.997983,-27.471019],[152.998599,-27.465861],[152.993837,-27.462821],[152.98846,-27.464939],[152.987844,-27.470097],[152.992605,-27.473137],[152.997983,-27.471019]]],"type":"Polygon"},"properties":{"hex_id":"88be8d12b5fffff"},"type":"Feature"},{"geometry":{"coordinates":[[[152.998435,-27.510167],[152.999051,-27.505009],[152.994287,-27.501969],[152.988907,-27.504087],[152.988291,-27.509246],[152.993054,-27.512286],[152.998435,-27.510167]]],"type":"Polygon"},"properties":{"hex_id":"88be8d12d7fffff"},"type":"Feature"},{"geometry":{"coordinates":[[[152.998476,-27.338146],[152.999091,-27.332991],[152.994336,-27.329954],[152.988967,-27.332071],[152.988351,-27.337226],[152.993106,-27.340263],[152.998476,-27.338146]]],"type":"Polygon"},"properties":{"hex_id":"88be8d0309fffff"},"type":"Feature"},{"geometry":{"coordinates":[[[152.998887,-27.549322],[152.999503,-27.544163],[152.994737,-27.541122],[152.989355,-27.543241],[152.988738,-27.548401],[152.993504,-27.551441],[152.998887,-27.549322]]],"type":"Polygon"},"properties":{"hex_id":"88be8d8de9fffff"},"type":"Feature"},{"geometry":{"coordinates":[[[152.998927,-27.377273],[152.999542,-27.372117],[152.994785,-27.369079],[152.989414,-27.371196],[152.988798,-27.376352],[152.993555,-27.37939],[152.998927,-27.377273]]],"type":"Polygon"},"properties":{"hex_id":"88be8d11bbfffff"},"type":"Feature"},{"geometry":{"coordinates":[[[152.999339,-27.588484],[152.999955,-27.583324],[152.995188,-27.580283],[152.989803,-27.582402],[152.989186,-27.587562],[152.993954,-27.590603],[152.999339,-27.588484]]],"type":"Polygon"},"properties":{"hex_id":"88be8d8c2bfffff"},"type":"Feature"},{"geometry":{"coordinates":[[[152.999378,-27.416406],[152.999994,-27.411249],[152.995235,-27.40821],[152.989861,-27.410328],[152.989245,-27.415485],[152.994004,-27.418524],[152.999378,-27.416406]]],"type":"Polygon"},"properties":{"hex_id":"88be8d10adfffff"},"type":"Feature"},{"geometry":{"coordinates":[[[152.999792,-27.627652],[153.000408,-27.622491],[152.995638,-27.619449],[152.990252,-27.621568],[152.989634,-27.62673],[152.994404,-27.629772],[152.999792,-27.627652]]],"type":"Polygon"},"properties":{"hex_id":"88be8d8c5dfffff"},"type":"Feature"},{"geometry":{"coordinates":[[[152.99983,-27.455545],[153.000446,-27.450388],[152.995685,-27.447348],[152.990309,-27.449467],[152.989692,-27.454624],[152.994453,-27.457664],[152.99983,-27.455545]]],"type":"Polygon"},"properties":{"hex_id":"88be8d10c1fffff"},"type":"Feature"},{"geometry":{"coordinates":[[[153.000282,-27.494691],[153.000898,-27.489533],[152.996135,-27.486493],[152.990757,-27.488612],[152.99014,-27.49377],[152.994903,-27.49681],[153.000282,-27.494691]]],"type":"Polygon"},"properties":{"hex_id":"88be8d1283fffff"},"type":"Feature"},{"geometry":{"coordinates":[[[153.000735,-27.533844],[153.001351,-27.528685],[152.996586,-27.525644],[152.991205,-27.527763],[152.990588,-27.532922],[152.995354,-27.535963],[153.000735,-27.533844]]],"type":"Polygon"},"properties":{"hex_id":"88be8d8de5fffff"},"type":"Feature"},{"geometry":{"coordinates":[[[153.000772,-27.361805],[153.001387,-27.35665],[152.996631,-27.353612],[152.99126,-27.355729],[152.990645,-27.360885],[152.995401,-27.363923],[153.000772,-27.361805]]],"type":"Polygon"},"properties":{"hex_id":"88be8d11b7fffff"},"type":"Feature"},{"geometry":{"coordinates":[[[153.001188,-27.573003],[153.001804,-27.567843],[152.997037,-27.564802],[152.991654,-27.566921],[152.991037,-27.572081],[152.995804,-27.575122],[153.001188,-27.573003]]],"type":"Polygon"},"properties":{"hex_id":"88be8d8c27fffff"},"type":"Feature"},{"geometry":{"coordinates":[[[153.001224,-27.400936],[153.001839,-27.395779],[152.997081,-27.392741],[152.991708,-27.394859],[152.991092,-27.400015],[152.99585,-27.403054],[153.001224,-27.400936]]],"type":"Polygon"},"properties":{"hex_id":"88be8d1199fffff"},"type":"Feature"},{"geometry":{"coordinates":[[[153.001642,-27.612168],[153.002258,-27.607007],[152.997489,-27.603966],[152.992103,-27.606085],[152.991486,-27.611246],[152.996255,-27.614288],[153.001642,-27.612168]]],"type":"Polygon"},"properties":{"hex_id":"88be8d8c09fffff"},"type":"Feature"},{"geometry":{"coordinates":[[[153.001677,-27.440073],[153.002292,-27.434915],[152.997532,-27.431877],[152.992157,-27.433995],[152.991541,-27.439152],[152.996301,-27.442191],[153.001677,-27.440073]]],"type":"Polygon"},"properties":{"hex_id":"88be8d10ebfffff"},"type":"Feature"},{"geometry":{"coordinates":[[[153.002095,-27.65134],[153.002712,-27.646178],[152.997941,-27.643137],[152.992553,-27.645256],[152.991935,-27.650418],[152.996707,-27.65346],[153.002095,-27.65134]]],"type":"Polygon"},"properties":{"hex_id":"88be8d8e3bfffff"},"type":"Feature"},{"geometry":{"coordinates":[[[153.00213,-27.479216],[153.002745,-27.474058],[152.997983,-27.471019],[152.992605,-27.473137],[152.991989,-27.478295],[152.996751,-27.481335],[153.00213,-27.479216]]],"type":"Polygon"},"properties":{"hex_id":"88be8d12bdfffff"},"type":"Feature"},{"geometry":{"coordinates":[[[153.002164,-27.307218],[153.002778,-27.302063],[152.998025,-27.299026],[152.992658,-27.301143],[152.992043,-27.306298],[152.996796,-27.309335],[153.002164,-27.307218]]],"type":"Polygon"},"properties":{"hex_id":"88be8d0321fffff"},"type":"Feature"},{"geometry":{"coordinates":[[[153.002583,-27.518366],[153.003199,-27.513207],[152.998435,-27.510167],[152.993054,-27.512286],[152.992438,-27.517445],[152.997202,-27.520485],[153.002583,-27.518366]]],"type":"Polygon"},"properties":{"hex_id":"88be8d12d1fffff"},"type":"Feature"},{"geometry":{"coordinates":[[[153.002616,-27.346339],[153.003231,-27.341184],[152.998476,-27.338146],[152.993106,-27.340263],[152.992491,-27.345419],[152.997246,-27.348456],[153.002616,-27.346339]]],"type":"Polygon"},"properties":{"hex_id":"88be8d0343fffff"},"type":"Feature"},{"geometry":{"coordinates":[[[153.003037,-27.557523],[153.003653,-27.552363],[152.998887,-27.549322],[152.993504,-27.551441],[152.992887,-27.556601],[152.997654,-27.559642],[153.003037,-27.557523]]],"type":"Polygon"},"properties":{"hex_id":"88be8d8d13fffff"},"type":"Feature"},{"geometry":{"coordinates":[[[153.003069,-27.385467],[153.003684,-27.380311],[152.998927,-27.377273],[152.993555,-27.37939],[152.992939,-27.384546],[152.997696,-27.387585],[153.003069,-27.385467]]],"type":"Polygon"},"properties":{"hex_id":"88be8d1195fffff"},"type":"Feature"},{"geometry":{"coordinates":[[[153.003491,-27.596686],[153.004107,-27.591525],[152.999339,-27.588484],[152.993954,-27.590603],[152.993337,-27.595764],[152.998106,-27.598805],[153.003491,-27.596686]]],"type":"Polygon"},"properties":{"hex_id":"88be8d8c05fffff"},"type":"Feature"},{"geometry":{"coordinates":[[[153.003522,-27.424601],[153.004137,-27.419444],[152.999378,-27.416406],[152.994004,-27.418524],[152.993388,-27.423681],[152.998147,-27.426719],[153.003522,-27.424601]]],"type":"Polygon"},"properties":{"hex_id":"88be8d10e7fffff"},"type":"Feature"},{"geometry":{"coordinates":[[[153.003945,-27.635855],[153.004562,-27.630694],[152.999792,-27.627652],[152.994404,-27.629772],[152.993787,-27.634933],[152.998558,-27.637975],[153.003945,-27.635855]]],"type":"Polygon"},"properties":{"hex_id":"88be8d8e37fffff"},"type":"Feature"},{"geometry":{"coordinates":[[[153.003976,-27.463742],[153.004591,-27.458584],[152.99983,-27.455545],[152.994453,-27.457664],[152.993837,-27.462821],[152.998599,-27.465861],[153.003976,-27.463742]]],"type":"Polygon"},"properties":{"hex_id":"88be8d10c9fffff"},"type":"Feature"},{"geometry":{"coordinates":[[[153.00443,-27.50289],[153.005046,-27.497731],[153.000282,-27.494691],[152.994903,-27.49681],[152.994287,-27.501969],[152.999051,-27.505009],[153.00443,-27.50289]]],"type":"Polygon"},"properties":{"hex_id":"88be8d128bfffff"},"type":"Feature"},{"geometry":{"coordinates":[[[153.00446,-27.330874],[153.005074,-27.325719],[153.00032,-27.322681],[152.994951,-27.324799],[152.994336,-27.329954],[152.999091,-27.332991],[153.00446,-27.330874]]],"type":"Polygon"},"properties":{"hex_id":"88be8d030dfffff"},"type":"Feature"},{"geometry":{"coordinates":[[[153.004885,-27.542044],[153.005501,-27.536884],[153.000735,-27.533844],[152.995354,-27.535963],[152.994737,-27.541122],[152.999503,-27.544163],[153.004885,-27.542044]]],"type":"Polygon"},"properties":{"hex_id":"88be8d8dedfffff"},"type":"Feature"},{"geometry":{"coordinates":[[[153.004913,-27.369999],[153.005528,-27.364843],[153.000772,-27.361805],[152.995401,-27.363923],[152.994785,-27.369079],[152.999542,-27.372117],[153.004913,-27.369999]]],"type":"Polygon"},"properties":{"hex_id":"88be8d11b1fffff"},"type":"Feature"},{"geometry":{"coordinates":[[[153.00534,-27.581204],[153.005956,-27.576044],[153.001188,-27.573003],[152.995804,-27.575122],[152.995188,-27.580283],[152.999955,-27.583324],[153.00534,-27.581204]]],"type":"Polygon"},"properties":{"hex_id":"88be8d8c21fffff"},"type":"Feature"},{"geometry":{"coordinates":[[[153.005367,-27.409131],[153.005982,-27.403974],[153.001224,-27.400936],[152.99585,-27.403054],[152.995235,-27.40821],[152.999994,-27.411249],[153.005367,-27.409131]]],"type":"Polygon"},"properties":{"hex_id":"88be8d11d3fffff"},"type":"Feature"},{"geometry":{"coordinates":[[[153.005795,-27.620371],[153.006411,-27.61521],[153.001642,-27.612168],[152.996255,-27.614288],[152.995638,-27.619449],[153.000408,-27.622491],[153.005795,-27.620371]]],"type":"Polygon"},"properties":{"hex_id":"88be8d8c43fffff"},"type":"Feature"},{"geometry":{"coordinates":[[[153.005822,-27.448269],[153.006437,-27.443112],[153.001677,-27.440073],[152.996301,-27.442191],[152.995685,-27.447348],[153.000446,-27.450388],[153.005822,-27.448269]]],"type":"Polygon"},"properties":{"hex_id":"88be8d10c5fffff"},"type":"Feature"},{"geometry":{"coordinates":[[[153.006251,-27.659544],[153.006867,-27.654382],[153.002095,-27.65134],[152.996707,-27.65346],[152.99609,-27.658622],[153.000862,-27.661664],[153.006251,-27.659544]]],"type":"Polygon"},"properties":{"hex_id":"88be8d8e15fffff"},"type":"Feature"},{"geometry":{"coordinates":[[[153.006277,-27.487414],[153.006892,-27.482256],[153.00213,-27.479216],[152.996751,-27.481335],[152.996135,-27.486493],[153.000898,-27.489533],[153.006277,-27.487414]]],"type":"Polygon"},"properties":{"hex_id":"88be8d1287fffff"},"type":"Feature"},{"geometry":{"coordinates":[[[153.006303,-27.315409],[153.006917,-27.310255],[153.002164,-27.307218],[152.996796,-27.309335],[152.996181,-27.314489],[153.000935,-27.317527],[153.006303,-27.315409]]],"type":"Polygon"},"properties":{"hex_id":"88be8d0329fffff"},"type":"Feature"},{"geometry":{"coordinates":[[[153.006732,-27.526566],[153.007348,-27.521406],[153.002583,-27.518366],[152.997202,-27.520485],[152.996586,-27.525644],[153.001351,-27.528685],[153.006732,-27.526566]]],"type":"Polygon"},"properties":{"hex_id":"88be8d12d9fffff"},"type":"Feature"},{"geometry":{"coordinates":[[[153.006757,-27.354532],[153.007372,-27.349376],[153.002616,-27.346339],[152.997246,-27.348456],[152.996631,-27.353612],[153.001387,-27.35665],[153.006757,-27.354532]]],"type":"Polygon"},"properties":{"hex_id":"88be8d034bfffff"},"type":"Feature"},{"geometry":{"coordinates":[[[153.007188,-27.565723],[153.007804,-27.560563],[153.003037,-27.557523],[152.997654,-27.559642],[152.997037,-27.564802],[153.001804,-27.567843],[153.007188,-27.565723]]],"type":"Polygon"},"properties":{"hex_id":"88be8d8d1bfffff"},"type":"Feature"},{"geometry":{"coordinates":[[[153.007212,-27.393661],[153.007827,-27.388505],[153.003069,-27.385467],[152.997696,-27.387585],[152.997081,-27.392741],[153.001839,-27.395779],[153.007212,-27.393661]]],"type":"Polygon"},"properties":{"hex_id":"88be8d119dfffff"},"type":"Feature"},{"geometry":{"coordinates":[[[153.007644,-27.604888],[153.00826,-27.599727],[153.003491,-27.596686],[152.998106,-27.598805],[152.997489,-27.603966],[153.002258,-27.607007],[153.007644,-27.604888]]],"type":"Polygon"},"properties":{"hex_id":"88be8d8c0dfffff"},"type":"Feature"},{"geometry":{"coordinates":[[[153.007667,-27.432797],[153.008282,-27.42764],[153.003522,-27.424601],[152.998147,-27.426719],[152.997532,-27.431877],[153.002292,-27.434915],[153.007667,-27.432797]]],"type":"Polygon"},"properties":{"hex_id":"88be8d10e1fffff"},"type":"Feature"},{"geometry":{"coordinates":[[[153.0081,-27.644058],[153.008717,-27.638897],[153.003945,-27.635855],[152.998558,-27.637975],[152.997941,-27.643137],[153.002712,-27.646178],[153.0081,-27.644058]]],"type":"Polygon"},"properties":{"hex_id":"88be8d8e31fffff"},"type":"Feature"},{"geometry":{"coordinates":[[[153.008123,-27.471939],[153.008738,-27.466781],[153.003976,-27.463742],[152.998599,-27.465861],[152.997983,-27.471019],[153.002745,-27.474058],[153.008123,-27.471939]]],"type":"Polygon"},"properties":{"hex_id":"88be8d12a3fffff"},"type":"Feature"},{"geometry":{"coordinates":[[[153.008579,-27.511088],[153.009194,-27.505929],[153.00443,-27.50289],[152.999051,-27.505009],[152.998435,-27.510167],[153.003199,-27.513207],[153.008579,-27.511088]]],"type":"Polygon"},"properties":{"hex_id":"88be8d12d5fffff"},"type":"Feature"},{"geometry":{"coordinates":[[[153.0086,-27.339066],[153.009215,-27.333911],[153.00446,-27.330874],[152.999091,-27.332991],[152.998476,-27.338146],[153.003231,-27.341184],[153.0086,-27.339066]]],"type":"Polygon"},"properties":{"hex_id":"88be8d0347fffff"},"type":"Feature"},{"geometry":{"coordinates":[[[153.009035,-27.550244],[153.009651,-27.545084],[153.004885,-27.542044],[152.999503,-27.544163],[152.998887,-27.549322],[153.003653,-27.552363],[153.009035,-27.550244]]],"type":"Polygon"},"properties":{"hex_id":"88be8d8d17fffff"},"type":"Feature"},{"geometry":{"coordinates":[[[153.009056,-27.378193],[153.00967,-27.373037],[153.004913,-27.369999],[152.999542,-27.372117],[152.998927,-27.377273],[153.003684,-27.380311],[153.009056,-27.378193]]],"type":"Polygon"},"properties":{"hex_id":"88be8d11b9fffff"},"type":"Feature"},{"geometry":{"coordinates":[[[153.009492,-27.589405],[153.010108,-27.584245],[153.00534,-27.581204],[152.999955,-27.583324],[152.999339,-27.588484],[153.004107,-27.591525],[153.009492,-27.589405]]],"type":"Polygon"},"properties":{"hex_id":"88be8d8c29fffff"},"type":"Feature"},{"geometry":{"coordinates":[[[153.009512,-27.417326],[153.010126,-27.412169],[153.005367,-27.409131],[152.999994,-27.411249],[152.999378,-27.416406],[153.004137,-27.419444],[153.009512,-27.417326]]],"type":"Polygon"},"properties":{"hex_id":"88be8d11dbfffff"},"type":"Feature"},{"geometry":{"coordinates":[[[153.009949,-27.628574],[153.010565,-27.623412],[153.005795,-27.620371],[153.000408,-27.622491],[152.999792,-27.627652],[153.004562,-27.630694],[153.009949,-27.628574]]],"type":"Polygon"},"properties":{"hex_id":"88be8d8c4bfffff"},"type":"Feature"},{"geometry":{"coordinates":[[[153.009968,-27.456466],[153.010583,-27.451308],[153.005822,-27.448269],[153.000446,-27.450388],[152.99983,-27.455545],[153.004591,-27.458584],[153.009968,-27.456466]]],"type":"Polygon"},"properties":{"hex_id":"88be8d10cdfffff"},"type":"Feature"},{"geometry":{"coordinates":[[[153.010425,-27.495612],[153.01104,-27.490453],[153.006277,-27.487414],[153.000898,-27.489533],[153.000282,-27.494691],[153.005046,-27.497731],[153.010425,-27.495612]]],"type":"Polygon"},"properties":{"hex_id":"88be8d1281fffff"},"type":"Feature"},{"geometry":{"coordinates":[[[153.010443,-27.323601],[153.011057,-27.318446],[153.006303,-27.315409],[153.000935,-27.317527],[153.00032,-27.322681],[153.005074,-27.325719],[153.010443,-27.323601]]],"type":"Polygon"},"properties":{"hex_id":"88be8d0363fffff"},"type":"Feature"},{"geometry":{"coordinates":[[[153.010882,-27.534765],[153.011497,-27.529605],[153.006732,-27.526566],[153.001351,-27.528685],[153.000735,-27.533844],[153.005501,-27.536884],[153.010882,-27.534765]]],"type":"Polygon"},"properties":{"hex_id":"88be8d8d33fffff"},"type":"Feature"},{"geometry":{"coordinates":[[[153.010899,-27.362725],[153.011513,-27.357569],[153.006757,-27.354532],[153.001387,-27.35665],[153.000772,-27.361805],[153.005528,-27.364843],[153.010899,-27.362725]]],"type":"Polygon"},"properties":{"hex_id":"88be8d11b5fffff"},"type":"Feature"},{"geometry":{"coordinates":[[[153.011339,-27.573924],[153.011955,-27.568764],[153.007188,-27.565723],[153.001804,-27.567843],[153.001188,-27.573003],[153.005956,-27.576044],[153.011339,-27.573924]]],"type":"Polygon"},"properties":{"hex_id":"88be8d8c25fffff"},"type":"Feature"},{"geometry":{"coordinates":[[[153.011356,-27.401856],[153.01197,-27.396699],[153.007212,-27.393661],[153.001839,-27.395779],[153.001224,-27.400936],[153.005982,-27.403974],[153.011356,-27.401856]]],"type":"Polygon"},"properties":{"hex_id":"88be8d11d7fffff"},"type":"Feature"},{"geometry":{"coordinates":[[[153.011797,-27.61309],[153.012413,-27.607929],[153.007644,-27.604888],[153.002258,-27.607007],[153.001642,-27.612168],[153.006411,-27.61521],[153.011797,-27.61309]]],"type":"Polygon"},"properties":{"hex_id":"88be8d8c47fffff"},"type":"Feature"},{"geometry":{"coordinates":[[[153.011813,-27.440993],[153.012428,-27.435836],[153.007667,-27.432797],[153.002292,-27.434915],[153.001677,-27.440073],[153.006437,-27.443112],[153.011813,-27.440993]]],"type":"Polygon"},"properties":{"hex_id":"88be8d10e9fffff"},"type":"Feature"},{"geometry":{"coordinates":[[[153.012256,-27.652262],[153.012872,-27.6471],[153.0081,-27.644058],[153.002712,-27.646178],[153.002095,-27.65134],[153.006867,-27.654382],[153.012256,-27.652262]]],"type":"Polygon"},"properties":{"hex_id":"88be8d8e39fffff"},"type":"Feature"},{"geometry":{"coordinates":[[[153.01227,-27.480137],[153.012885,-27.474979],[153.008123,-27.471939],[153.002745,-27.474058],[153.00213,-27.479216],[153.006892,-27.482256],[153.01227,-27.480137]]],"type":"Polygon"},"properties":{"hex_id":"88be8d12abfffff"},"type":"Feature"},{"geometry":{"coordinates":[[[153.012285,-27.308137],[153.012899,-27.302983],[153.008145,-27.299946],[153.002778,-27.302063],[153.002164,-27.307218],[153.006917,-27.310255],[153.012285,-27.308137]]],"type":"Polygon"},"properties":{"hex_id":"88be8d032dfffff"},"type":"Feature"},{"geometry":{"coordinates":[[[153.012728,-27.519287],[153.013343,-27.514128],[153.008579,-27.511088],[153.003199,-27.513207],[153.002583,-27.518366],[153.007348,-27.521406],[153.012728,-27.519287]]],"type":"Polygon"},"properties":{"hex_id":"88be8d12ddfffff"},"type":"Feature"},{"geometry":{"coordinates":[[[153.012742,-27.347258],[153.013356,-27.342103],[153.0086,-27.339066],[153.003231,-27.341184],[153.002616,-27.346339],[153.007372,-27.349376],[153.012742,-27.347258]]],"type":"Polygon"},"properties":{"hex_id":"88be8d0341fffff"},"type":"Feature"},{"geometry":{"coordinates":[[[153.013186,-27.558444],[153.013802,-27.553284],[153.009035,-27.550244],[153.003653,-27.552363],[153.003037,-27.557523],[153.007804,-27.560563],[153.013186,-27.558444]]],"type":"Polygon"},"properties":{"hex_id":"88be8d8d11fffff"},"type":"Feature"},{"geometry":{"coordinates":[[[153.013199,-27.386387],[153.013813,-27.38123],[153.009056,-27.378193],[153.003684,-27.380311],[153.003069,-27.385467],[153.007827,-27.388505],[153.013199,-27.386387]]],"type":"Polygon"},"properties":{"hex_id":"88be8d1183fffff"},"type":"Feature"},{"geometry":{"coordinates":[[[153.013645,-27.597607],[153.014261,-27.592446],[153.009492,-27.589405],[153.004107,-27.591525],[153.003491,-27.596686],[153.00826,-27.599727],[153.013645,-27.597607]]],"type":"Polygon"},"properties":{"hex_id":"88be8d8c63fffff"},"type":"Feature"},{"geometry":{"coordinates":[[[153.013657,-27.425521],[153.014271,-27.420364],[153.009512,-27.417326],[153.004137,-27.419444],[153.003522,-27.424601],[153.008282,-27.42764],[153.013657,-27.425521]]],"type":"Polygon"},"properties":{"hex_id":"88be8d10e5fffff"},"type":"Feature"},{"geometry":{"coordinates":[[[153.014104,-27.636776],[153.01472,-27.631615],[153.009949,-27.628574],[153.004562,-27.630694],[153.003945,-27.635855],[153.008717,-27.638897],[153.014104,-27.636776]]],"type":"Polygon"},"properties":{"hex_id":"88be8d8e35fffff"},"type":"Feature"},{"geometry":{"coordinates":[[[153.014115,-27.464662],[153.01473,-27.459505],[153.009968,-27.456466],[153.004591,-27.458584],[153.003976,-27.463742],[153.008738,-27.466781],[153.014115,-27.464662]]],"type":"Polygon"},"properties":{"hex_id":"88be8d12a7fffff"},"type":"Feature"},{"geometry":{"coordinates":[[[153.014574,-27.50381],[153.015189,-27.498651],[153.010425,-27.495612],[153.005046,-27.497731],[153.00443,-27.50289],[153.009194,-27.505929],[153.014574,-27.50381]]],"type":"Polygon"},"properties":{"hex_id":"88be8d1289fffff"},"type":"Feature"},{"geometry":{"coordinates":[[[153.014584,-27.331793],[153.015197,-27.326638],[153.010443,-27.323601],[153.005074,-27.325719],[153.00446,-27.330874],[153.009215,-27.333911],[153.014584,-27.331793]]],"type":"Polygon"},"properties":{"hex_id":"88be8d036bfffff"},"type":"Feature"},{"geometry":{"coordinates":[[[153.015033,-27.542964],[153.015648,-27.537805],[153.010882,-27.534765],[153.005501,-27.536884],[153.004885,-27.542044],[153.009651,-27.545084],[153.015033,-27.542964]]],"type":"Polygon"},"properties":{"hex_id":"88be8d8d3bfffff"},"type":"Feature"},{"geometry":{"coordinates":[[[153.015042,-27.370918],[153.015656,-27.365763],[153.010899,-27.362725],[153.005528,-27.364843],[153.004913,-27.369999],[153.00967,-27.373037],[153.015042,-27.370918]]],"type":"Polygon"},"properties":{"hex_id":"88be8d11bdfffff"},"type":"Feature"},{"geometry":{"coordinates":[[[153.015492,-27.582125],[153.016107,-27.576965],[153.011339,-27.573924],[153.005956,-27.576044],[153.00534,-27.581204],[153.010108,-27.584245],[153.015492,-27.582125]]],"type":"Polygon"},"properties":{"hex_id":"88be8d8c2dfffff"},"type":"Feature"},{"geometry":{"coordinates":[[[153.0155,-27.41005],[153.016115,-27.404894],[153.011356,-27.401856],[153.005982,-27.403974],[153.005367,-27.409131],[153.010126,-27.412169],[153.0155,-27.41005]]],"type":"Polygon"},"properties":{"hex_id":"88be8d11d1fffff"},"type":"Feature"},{"geometry":{"coordinates":[[[153.015952,-27.621292],[153.016567,-27.616131],[153.011797,-27.61309],[153.006411,-27.61521],[153.005795,-27.620371],[153.010565,-27.623412],[153.015952,-27.621292]]],"type":"Polygon"},"properties":{"hex_id":"88be8d8c41fffff"},"type":"Feature"},{"geometry":{"coordinates":[[[153.015959,-27.449189],[153.016574,-27.444032],[153.011813,-27.440993],[153.006437,-27.443112],[153.005822,-27.448269],[153.010583,-27.451308],[153.015959,-27.449189]]],"type":"Polygon"},"properties":{"hex_id":"88be8d1013fffff"},"type":"Feature"},{"geometry":{"coordinates":[[[153.016418,-27.488334],[153.017033,-27.483176],[153.01227,-27.480137],[153.006892,-27.482256],[153.006277,-27.487414],[153.01104,-27.490453],[153.016418,-27.488334]]],"type":"Polygon"},"properties":{"hex_id":"88be8d1285fffff"},"type":"Feature"},{"geometry":{"coordinates":[[[153.016425,-27.316328],[153.017039,-27.311174],[153.012285,-27.308137],[153.006917,-27.310255],[153.006303,-27.315409],[153.011057,-27.318446],[153.016425,-27.316328]]],"type":"Polygon"},"properties":{"hex_id":"88be8d0367fffff"},"type":"Feature"},{"geometry":{"coordinates":[[[153.016878,-27.527486],[153.017493,-27.522327],[153.012728,-27.519287],[153.007348,-27.521406],[153.006732,-27.526566],[153.011497,-27.529605],[153.016878,-27.527486]]],"type":"Polygon"},"properties":{"hex_id":"88be8d8d37fffff"},"type":"Feature"},{"geometry":{"coordinates":[[[153.016884,-27.355451],[153.017498,-27.350296],[153.012742,-27.347258],[153.007372,-27.349376],[153.006757,-27.354532],[153.011513,-27.357569],[153.016884,-27.355451]]],"type":"Polygon"},"properties":{"hex_id":"88be8d0349fffff"},"type":"Feature"},{"geometry":{"coordinates":[[[153.017338,-27.566644],[153.017954,-27.561484],[153.013186,-27.558444],[153.007804,-27.560563],[153.007188,-27.565723],[153.011955,-27.568764],[153.017338,-27.566644]]],"type":"Polygon"},"properties":{"hex_id":"88be8d8d19fffff"},"type":"Feature"},{"geometry":{"coordinates":[[[153.017343,-27.394581],[153.017957,-27.389424],[153.013199,-27.386387],[153.007827,-27.388505],[153.007212,-27.393661],[153.01197,-27.396699],[153.017343,-27.394581]]],"type":"Polygon"},"properties":{"hex_id":"88be8d118bfffff"},"type":"Feature"},{"geometry":{"coordinates":[[[153.017799,-27.605809],[153.018414,-27.600648],[153.013645,-27.597607],[153.00826,-27.599727],[153.007644,-27.604888],[153.012413,-27.607929],[153.017799,-27.605809]]],"type":"Polygon"},"properties":{"hex_id":"88be8d8c6bfffff"},"type":"Feature"},{"geometry":{"coordinates":[[[153.017803,-27.433717],[153.018417,-27.42856],[153.013657,-27.425521],[153.008282,-27.42764],[153.007667,-27.432797],[153.012428,-27.435836],[153.017803,-27.433717]]],"type":"Polygon"},"properties":{"hex_id":"88be8d10edfffff"},"type":"Feature"},{"geometry":{"coordinates":[[[153.01826,-27.644979],[153.018875,-27.639818],[153.014104,-27.636776],[153.008717,-27.638897],[153.0081,-27.644058],[153.012872,-27.6471],[153.01826,-27.644979]]],"type":"Polygon"},"properties":{"hex_id":"88be8d8e3dfffff"},"type":"Feature"},{"geometry":{"coordinates":[[[153.018263,-27.472859],[153.018877,-27.467701],[153.014115,-27.464662],[153.008738,-27.466781],[153.008123,-27.471939],[153.012885,-27.474979],[153.018263,-27.472859]]],"type":"Polygon"},"properties":{"hex_id":"88be8d12a1fffff"},"type":"Feature"},{"geometry":{"coordinates":[[[153.018266,-27.300865],[153.018879,-27.29571],[153.014126,-27.292674],[153.008759,-27.294792],[153.008145,-27.299946],[153.012899,-27.302983],[153.018266,-27.300865]]],"type":"Polygon"},"properties":{"hex_id":"88be8d18d3fffff"},"type":"Feature"},{"geometry":{"coordinates":[[[153.018723,-27.512008],[153.019338,-27.50685],[153.014574,-27.50381],[153.009194,-27.505929],[153.008579,-27.511088],[153.013343,-27.514128],[153.018723,-27.512008]]],"type":"Polygon"},"properties":{"hex_id":"88be8d12c3fffff"},"type":"Feature"},{"geometry":{"coordinates":[[[153.018725,-27.339985],[153.019339,-27.33483],[153.014584,-27.331793],[153.009215,-27.333911],[153.0086,-27.339066],[153.013356,-27.342103],[153.018725,-27.339985]]],"type":"Polygon"},"properties":{"hex_id":"88be8d0345fffff"},"type":"Feature"},{"geometry":{"coordinates":[[[153.019184,-27.551164],[153.019799,-27.546004],[153.015033,-27.542964],[153.009651,-27.545084],[153.009035,-27.550244],[153.013802,-27.553284],[153.019184,-27.551164]]],"type":"Polygon"},"properties":{"hex_id":"88be8d8d15fffff"},"type":"Feature"},{"geometry":{"coordinates":[[[153.019185,-27.379112],[153.019799,-27.373956],[153.015042,-27.370918],[153.00967,-27.373037],[153.009056,-27.378193],[153.013813,-27.38123],[153.019185,-27.379112]]],"type":"Polygon"},"properties":{"hex_id":"88be8d1187fffff"},"type":"Feature"},{"geometry":{"coordinates":[[[153.019645,-27.590326],[153.02026,-27.585165],[153.015492,-27.582125],[153.010108,-27.584245],[153.009492,-27.589405],[153.014261,-27.592446],[153.019645,-27.590326]]],"type":"Polygon"},"properties":{"hex_id":"88be8d8c67fffff"},"type":"Feature"},{"geometry":{"coordinates":[[[153.019646,-27.418245],[153.02026,-27.413088],[153.0155,-27.41005],[153.010126,-27.412169],[153.009512,-27.417326],[153.014271,-27.420364],[153.019646,-27.418245]]],"type":"Polygon"},"properties":{"hex_id":"88be8d11d9fffff"},"type":"Feature"},{"geometry":{"coordinates":[[[153.020106,-27.457385],[153.020721,-27.452228],[153.015959,-27.449189],[153.010583,-27.451308],[153.009968,-27.456466],[153.01473,-27.459505],[153.020106,-27.457385]]],"type":"Polygon"},"properties":{"hex_id":"88be8d101bfffff"},"type":"Feature"},{"geometry":{"coordinates":[[[153.020107,-27.629494],[153.020722,-27.624333],[153.015952,-27.621292],[153.010565,-27.623412],[153.009949,-27.628574],[153.01472,-27.631615],[153.020107,-27.629494]]],"type":"Polygon"},"properties":{"hex_id":"88be8d8c49fffff"},"type":"Feature"},{"geometry":{"coordinates":[[[153.020566,-27.32452],[153.021179,-27.319365],[153.016425,-27.316328],[153.011057,-27.318446],[153.010443,-27.323601],[153.015197,-27.326638],[153.020566,-27.32452]]],"type":"Polygon"},"properties":{"hex_id":"88be8d0361fffff"},"type":"Feature"},{"geometry":{"coordinates":[[[153.020567,-27.496532],[153.021182,-27.491373],[153.016418,-27.488334],[153.01104,-27.490453],[153.010425,-27.495612],[153.015189,-27.498651],[153.020567,-27.496532]]],"type":"Polygon"},"properties":{"hex_id":"88be8d128dfffff"},"type":"Feature"},{"geometry":{"coordinates":[[[153.021027,-27.363644],[153.02164,-27.358488],[153.016884,-27.355451],[153.011513,-27.357569],[153.010899,-27.362725],[153.015656,-27.365763],[153.021027,-27.363644]]],"type":"Polygon"},"properties":{"hex_id":"88be8d11a3fffff"},"type":"Feature"},{"geometry":{"coordinates":[[[153.021029,-27.535685],[153.021644,-27.530526],[153.016878,-27.527486],[153.011497,-27.529605],[153.010882,-27.534765],[153.015648,-27.537805],[153.021029,-27.535685]]],"type":"Polygon"},"properties":{"hex_id":"88be8d8d31fffff"},"type":"Feature"},{"geometry":{"coordinates":[[[153.021488,-27.402775],[153.022102,-27.397618],[153.017343,-27.394581],[153.01197,-27.396699],[153.011356,-27.401856],[153.016115,-27.404894],[153.021488,-27.402775]]],"type":"Polygon"},"properties":{"hex_id":"88be8d11d5fffff"},"type":"Feature"},{"geometry":{"coordinates":[[[153.021491,-27.574845],[153.022106,-27.569684],[153.017338,-27.566644],[153.011955,-27.568764],[153.011339,-27.573924],[153.016107,-27.576965],[153.021491,-27.574845]]],"type":"Polygon"},"properties":{"hex_id":"88be8d8d53fffff"},"type":"Feature"},{"geometry":{"coordinates":[[[153.021949,-27.441912],[153.022563,-27.436755],[153.017803,-27.433717],[153.012428,-27.435836],[153.011813,-27.440993],[153.016574,-27.444032],[153.021949,-27.441912]]],"type":"Polygon"},"properties":{"hex_id":"88be8d1017fffff"},"type":"Feature"},{"geometry":{"coordinates":[[[153.021953,-27.61401],[153.022569,-27.608849],[153.017799,-27.605809],[153.012413,-27.607929],[153.011797,-27.61309],[153.016567,-27.616131],[153.021953,-27.61401]]],"type":"Polygon"},"properties":{"hex_id":"88be8d8c45fffff"},"type":"Feature"},{"geometry":{"coordinates":[[[153.022406,-27.309056],[153.023019,-27.303901],[153.018266,-27.300865],[153.012899,-27.302983],[153.012285,-27.308137],[153.017039,-27.311174],[153.022406,-27.309056]]],"type":"Polygon"},"properties":{"hex_id":"88be8d18dbfffff"},"type":"Feature"},{"geometry":{"coordinates":[[[153.022411,-27.481056],[153.023026,-27.475898],[153.018263,-27.472859],[153.012885,-27.474979],[153.01227,-27.480137],[153.017033,-27.483176],[153.022411,-27.481056]]],"type":"Polygon"},"properties":{"hex_id":"88be8d12a9fffff"},"type":"Feature"},{"geometry":{"coordinates":[[[153.022416,-27.653183],[153.023032,-27.648021],[153.01826,-27.644979],[153.012872,-27.6471],[153.012256,-27.652262],[153.017028,-27.655303],[153.022416,-27.653183]]],"type":"Polygon"},"properties":{"hex_id":"88be8d8e07fffff"},"type":"Feature"},{"geometry":{"coordinates":[[[153.022868,-27.348177],[153.023481,-27.343022],[153.018725,-27.339985],[153.013356,-27.342103],[153.012742,-27.347258],[153.017498,-27.350296],[153.022868,-27.348177]]],"type":"Polygon"},"properties":{"hex_id":"88be8d034dfffff"},"type":"Feature"},{"geometry":{"coordinates":[[[153.022873,-27.520207],[153.023488,-27.515048],[153.018723,-27.512008],[153.013343,-27.514128],[153.012728,-27.519287],[153.017493,-27.522327],[153.022873,-27.520207]]],"type":"Polygon"},"properties":{"hex_id":"88be8d12cbfffff"},"type":"Feature"},{"geometry":{"coordinates":[[[153.023329,-27.387306],[153.023943,-27.382149],[153.019185,-27.379112],[153.013813,-27.38123],[153.013199,-27.386387],[153.017957,-27.389424],[153.023329,-27.387306]]],"type":"Polygon"},"properties":{"hex_id":"88be8d1181fffff"},"type":"Feature"},{"geometry":{"coordinates":[[[153.023336,-27.559364],[153.023951,-27.554204],[153.019184,-27.551164],[153.013802,-27.553284],[153.013186,-27.558444],[153.017954,-27.561484],[153.023336,-27.559364]]],"type":"Polygon"},"properties":{"hex_id":"88be8d8d1dfffff"},"type":"Feature"},{"geometry":{"coordinates":[[[153.023792,-27.42644],[153.024406,-27.421283],[153.019646,-27.418245],[153.014271,-27.420364],[153.013657,-27.425521],[153.018417,-27.42856],[153.023792,-27.42644]]],"type":"Polygon"},"properties":{"hex_id":"88be8d1033fffff"},"type":"Feature"},{"geometry":{"coordinates":[[[153.023799,-27.598527],[153.024414,-27.593366],[153.019645,-27.590326],[153.014261,-27.592446],[153.013645,-27.597607],[153.018414,-27.600648],[153.023799,-27.598527]]],"type":"Polygon"},"properties":{"hex_id":"88be8d8c61fffff"},"type":"Feature"},{"geometry":{"coordinates":[[[153.024254,-27.465582],[153.024868,-27.460424],[153.020106,-27.457385],[153.01473,-27.459505],[153.014115,-27.464662],[153.018877,-27.467701],[153.024254,-27.465582]]],"type":"Polygon"},"properties":{"hex_id":"88be8d12a5fffff"},"type":"Feature"},{"geometry":{"coordinates":[[[153.024263,-27.637697],[153.024878,-27.632535],[153.020107,-27.629494],[153.01472,-27.631615],[153.014104,-27.636776],[153.018875,-27.639818],[153.024263,-27.637697]]],"type":"Polygon"},"properties":{"hex_id":"88be8d8e23fffff"},"type":"Feature"},{"geometry":{"coordinates":[[[153.024708,-27.332711],[153.025321,-27.327556],[153.020566,-27.32452],[153.015197,-27.326638],[153.014584,-27.331793],[153.019339,-27.33483],[153.024708,-27.332711]]],"type":"Polygon"},"properties":{"hex_id":"88be8d0369fffff"},"type":"Feature"},{"geometry":{"coordinates":[[[153.024717,-27.50473],[153.025332,-27.499571],[153.020567,-27.496532],[153.015189,-27.498651],[153.014574,-27.50381],[153.019338,-27.50685],[153.024717,-27.50473]]],"type":"Polygon"},"properties":{"hex_id":"88be8d12c7fffff"},"type":"Feature"},{"geometry":{"coordinates":[[[153.02517,-27.371837],[153.025784,-27.366681],[153.021027,-27.363644],[153.015656,-27.365763],[153.015042,-27.370918],[153.019799,-27.373956],[153.02517,-27.371837]]],"type":"Polygon"},"properties":{"hex_id":"88be8d11abfffff"},"type":"Feature"},{"geometry":{"coordinates":[[[153.025181,-27.543884],[153.025795,-27.538725],[153.021029,-27.535685],[153.015648,-27.537805],[153.015033,-27.542964],[153.019799,-27.546004],[153.025181,-27.543884]]],"type":"Polygon"},"properties":{"hex_id":"88be8d8d39fffff"},"type":"Feature"},{"geometry":{"coordinates":[[[153.025633,-27.410969],[153.026247,-27.405813],[153.021488,-27.402775],[153.016115,-27.404894],[153.0155,-27.41005],[153.02026,-27.413088],[153.025633,-27.410969]]],"type":"Polygon"},"properties":{"hex_id":"88be8d11ddfffff"},"type":"Feature"},{"geometry":{"coordinates":[[[153.025644,-27.583045],[153.026259,-27.577885],[153.021491,-27.574845],[153.016107,-27.576965],[153.015492,-27.582125],[153.02026,-27.585165],[153.025644,-27.583045]]],"type":"Polygon"},"properties":{"hex_id":"88be8d8d5bfffff"},"type":"Feature"},{"geometry":{"coordinates":[[[153.026097,-27.450108],[153.026711,-27.444951],[153.021949,-27.441912],[153.016574,-27.444032],[153.015959,-27.449189],[153.020721,-27.452228],[153.026097,-27.450108]]],"type":"Polygon"},"properties":{"hex_id":"88be8d1011fffff"},"type":"Feature"},{"geometry":{"coordinates":[[[153.026109,-27.622212],[153.026724,-27.617051],[153.021953,-27.61401],[153.016567,-27.616131],[153.015952,-27.621292],[153.020722,-27.624333],[153.026109,-27.622212]]],"type":"Polygon"},"properties":{"hex_id":"88be8d8c4dfffff"},"type":"Feature"},{"geometry":{"coordinates":[[[153.026547,-27.317247],[153.02716,-27.312092],[153.022406,-27.309056],[153.017039,-27.311174],[153.016425,-27.316328],[153.021179,-27.319365],[153.026547,-27.317247]]],"type":"Polygon"},"properties":{"hex_id":"88be8d0365fffff"},"type":"Feature"},{"geometry":{"coordinates":[[[153.02656,-27.489254],[153.027175,-27.484095],[153.022411,-27.481056],[153.017033,-27.483176],[153.016418,-27.488334],[153.021182,-27.491373],[153.02656,-27.489254]]],"type":"Polygon"},"properties":{"hex_id":"88be8d12e3fffff"},"type":"Feature"},{"geometry":{"coordinates":[[[153.027011,-27.35637],[153.027624,-27.351214],[153.022868,-27.348177],[153.017498,-27.350296],[153.016884,-27.355451],[153.02164,-27.358488],[153.027011,-27.35637]]],"type":"Polygon"},"properties":{"hex_id":"88be8d11a7fffff"},"type":"Feature"},{"geometry":{"coordinates":[[[153.027024,-27.528406],[153.027639,-27.523246],[153.022873,-27.520207],[153.017493,-27.522327],[153.016878,-27.527486],[153.021644,-27.530526],[153.027024,-27.528406]]],"type":"Polygon"},"properties":{"hex_id":"88be8d8d35fffff"},"type":"Feature"},{"geometry":{"coordinates":[[[153.027474,-27.395499],[153.028088,-27.390343],[153.023329,-27.387306],[153.017957,-27.389424],[153.017343,-27.394581],[153.022102,-27.397618],[153.027474,-27.395499]]],"type":"Polygon"},"properties":{"hex_id":"88be8d1189fffff"},"type":"Feature"},{"geometry":{"coordinates":[[[153.027489,-27.567564],[153.028104,-27.562404],[153.023336,-27.559364],[153.017954,-27.561484],[153.017338,-27.566644],[153.022106,-27.569684],[153.027489,-27.567564]]],"type":"Polygon"},"properties":{"hex_id":"88be8d8d57fffff"},"type":"Feature"},{"geometry":{"coordinates":[[[153.027938,-27.434636],[153.028552,-27.429478],[153.023792,-27.42644],[153.018417,-27.42856],[153.017803,-27.433717],[153.022563,-27.436755],[153.027938,-27.434636]]],"type":"Polygon"},"properties":{"hex_id":"88be8d103bfffff"},"type":"Feature"},{"geometry":{"coordinates":[[[153.027954,-27.606729],[153.028569,-27.601568],[153.023799,-27.598527],[153.018414,-27.600648],[153.017799,-27.605809],[153.022569,-27.608849],[153.027954,-27.606729]]],"type":"Polygon"},"properties":{"hex_id":"88be8d8c69fffff"},"type":"Feature"},{"geometry":{"coordinates":[[[153.028386,-27.301783],[153.028999,-27.296628],[153.024246,-27.293592],[153.018879,-27.29571],[153.018266,-27.300865],[153.023019,-27.303901],[153.028386,-27.301783]]],"type":"Polygon"},"properties":{"hex_id":"88be8d18d1fffff"},"type":"Feature"},{"geometry":{"coordinates":[[[153.028403,-27.473779],[153.029017,-27.46862],[153.024254,-27.465582],[153.018877,-27.467701],[153.018263,-27.472859],[153.023026,-27.475898],[153.028403,-27.473779]]],"type":"Polygon"},"properties":{"hex_id":"88be8d12adfffff"},"type":"Feature"},{"geometry":{"coordinates":[[[153.028419,-27.6459],[153.029035,-27.640738],[153.024263,-27.637697],[153.018875,-27.639818],[153.01826,-27.644979],[153.023032,-27.648021],[153.028419,-27.6459]]],"type":"Polygon"},"properties":{"hex_id":"88be8d8e2bfffff"},"type":"Feature"},{"geometry":{"coordinates":[[[153.02885,-27.340903],[153.029463,-27.335748],[153.024708,-27.332711],[153.019339,-27.33483],[153.018725,-27.339985],[153.023481,-27.343022],[153.02885,-27.340903]]],"type":"Polygon"},"properties":{"hex_id":"88be8d1a93fffff"},"type":"Feature"},{"geometry":{"coordinates":[[[153.028868,-27.512928],[153.029482,-27.507769],[153.024717,-27.50473],[153.019338,-27.50685],[153.018723,-27.512008],[153.023488,-27.515048],[153.028868,-27.512928]]],"type":"Polygon"},"properties":{"hex_id":"88be8d12c1fffff"},"type":"Feature"},{"geometry":{"coordinates":[[[153.029315,-27.38003],[153.029928,-27.374874],[153.02517,-27.371837],[153.019799,-27.373956],[153.019185,-27.379112],[153.023943,-27.382149],[153.029315,-27.38003]]],"type":"Polygon"},"properties":{"hex_id":"88be8d1185fffff"},"type":"Feature"},{"geometry":{"coordinates":[[[153.029333,-27.552084],[153.029948,-27.546924],[153.025181,-27.543884],[153.019799,-27.546004],[153.019184,-27.551164],[153.023951,-27.554204],[153.029333,-27.552084]]],"type":"Polygon"},"properties":{"hex_id":"88be8d8d03fffff"},"type":"Feature"},{"geometry":{"coordinates":[[[153.02978,-27.419164],[153.030393,-27.414007],[153.025633,-27.410969],[153.02026,-27.413088],[153.019646,-27.418245],[153.024406,-27.421283],[153.02978,-27.419164]]],"type":"Polygon"},"properties":{"hex_id":"88be8d1037fffff"},"type":"Feature"},{"geometry":{"coordinates":[[[153.029799,-27.591246],[153.030413,-27.586085],[153.025644,-27.583045],[153.02026,-27.585165],[153.019645,-27.590326],[153.024414,-27.593366],[153.029799,-27.591246]]],"type":"Polygon"},"properties":{"hex_id":"88be8d8c65fffff"},"type":"Feature"},{"geometry":{"coordinates":[[[153.030245,-27.458304],[153.030859,-27.453147],[153.026097,-27.450108],[153.020721,-27.452228],[153.020106,-27.457385],[153.024868,-27.460424],[153.030245,-27.458304]]],"type":"Polygon"},"properties":{"hex_id":"88be8d1019fffff"},"type":"Feature"},{"geometry":{"coordinates":[[[153.030265,-27.630415],[153.03088,-27.625253],[153.026109,-27.622212],[153.020722,-27.624333],[153.020107,-27.629494],[153.024878,-27.632535],[153.030265,-27.630415]]],"type":"Polygon"},"properties":{"hex_id":"88be8d8e27fffff"},"type":"Feature"},{"geometry":{"coordinates":[[[153.030689,-27.325438],[153.031302,-27.320283],[153.026547,-27.317247],[153.021179,-27.319365],[153.020566,-27.32452],[153.025321,-27.327556],[153.030689,-27.325438]]],"type":"Polygon"},"properties":{"hex_id":"88be8d036dfffff"},"type":"Feature"},{"geometry":{"coordinates":[[[153.03071,-27.497451],[153.031324,-27.492293],[153.02656,-27.489254],[153.021182,-27.491373],[153.020567,-27.496532],[153.025332,-27.499571],[153.03071,-27.497451]]],"type":"Polygon"},"properties":{"hex_id":"88be8d12ebfffff"},"type":"Feature"},{"geometry":{"coordinates":[[[153.031155,-27.364562],[153.031768,-27.359407],[153.027011,-27.35637],[153.02164,-27.358488],[153.021027,-27.363644],[153.025784,-27.366681],[153.031155,-27.364562]]],"type":"Polygon"},"properties":{"hex_id":"88be8d11a1fffff"},"type":"Feature"},{"geometry":{"coordinates":[[[153.031176,-27.536604],[153.031791,-27.531445],[153.027024,-27.528406],[153.021644,-27.530526],[153.021029,-27.535685],[153.025795,-27.538725],[153.031176,-27.536604]]],"type":"Polygon"},"properties":{"hex_id":"88be8d8d3dfffff"},"type":"Feature"},{"geometry":{"coordinates":[[[153.03162,-27.403694],[153.032233,-27.398537],[153.027474,-27.395499],[153.022102,-27.397618],[153.021488,-27.402775],[153.026247,-27.405813],[153.03162,-27.403694]]],"type":"Polygon"},"properties":{"hex_id":"88be8d11c3fffff"},"type":"Feature"},{"geometry":{"coordinates":[[[153.031643,-27.575764],[153.032257,-27.570604],[153.027489,-27.567564],[153.022106,-27.569684],[153.021491,-27.574845],[153.026259,-27.577885],[153.031643,-27.575764]]],"type":"Polygon"},"properties":{"hex_id":"88be8d8d51fffff"},"type":"Feature"},{"geometry":{"coordinates":[[[153.032086,-27.442831],[153.0327,-27.437674],[153.027938,-27.434636],[153.022563,-27.436755],[153.021949,-27.441912],[153.026711,-27.444951],[153.032086,-27.442831]]],"type":"Polygon"},"properties":{"hex_id":"88be8d1015fffff"},"type":"Feature"},{"geometry":{"coordinates":[[[153.03211,-27.61493],[153.032724,-27.609769],[153.027954,-27.606729],[153.022569,-27.608849],[153.021953,-27.61401],[153.026724,-27.617051],[153.03211,-27.61493]]],"type":"Polygon"},"properties":{"hex_id":"88be8d8f13fffff"},"type":"Feature"},{"geometry":{"coordinates":[[[153.032528,-27.309973],[153.03314,-27.304819],[153.028386,-27.301783],[153.023019,-27.303901],[153.022406,-27.309056],[153.02716,-27.312092],[153.032528,-27.309973]]],"type":"Polygon"},"properties":{"hex_id":"88be8d18d9fffff"},"type":"Feature"},{"geometry":{"coordinates":[[[153.032552,-27.481975],[153.033166,-27.476817],[153.028403,-27.473779],[153.023026,-27.475898],[153.022411,-27.481056],[153.027175,-27.484095],[153.032552,-27.481975]]],"type":"Polygon"},"properties":{"hex_id":"88be8d12e7fffff"},"type":"Feature"},{"geometry":{"coordinates":[[[153.032577,-27.654103],[153.033192,-27.648941],[153.028419,-27.6459],[153.023032,-27.648021],[153.022416,-27.653183],[153.027189,-27.656224],[153.032577,-27.654103]]],"type":"Polygon"},"properties":{"hex_id":"88be8d8e05fffff"},"type":"Feature"},{"geometry":{"coordinates":[[[153.032994,-27.349095],[153.033607,-27.34394],[153.02885,-27.340903],[153.023481,-27.343022],[153.022868,-27.348177],[153.027624,-27.351214],[153.032994,-27.349095]]],"type":"Polygon"},"properties":{"hex_id":"88be8d1a9bfffff"},"type":"Feature"},{"geometry":{"coordinates":[[[153.033019,-27.521126],[153.033633,-27.515967],[153.028868,-27.512928],[153.023488,-27.515048],[153.022873,-27.520207],[153.027639,-27.523246],[153.033019,-27.521126]]],"type":"Polygon"},"properties":{"hex_id":"88be8d12c9fffff"},"type":"Feature"},{"geometry":{"coordinates":[[[153.03346,-27.388224],[153.034073,-27.383068],[153.029315,-27.38003],[153.023943,-27.382149],[153.023329,-27.387306],[153.028088,-27.390343],[153.03346,-27.388224]]],"type":"Polygon"},"properties":{"hex_id":"88be8d118dfffff"},"type":"Feature"},{"geometry":{"coordinates":[[[153.033486,-27.560283],[153.034101,-27.555123],[153.029333,-27.552084],[153.023951,-27.554204],[153.023336,-27.559364],[153.028104,-27.562404],[153.033486,-27.560283]]],"type":"Polygon"},"properties":{"hex_id":"88be8d8d0bfffff"},"type":"Feature"},{"geometry":{"coordinates":[[[153.033927,-27.427359],[153.03454,-27.422202],[153.02978,-27.419164],[153.024406,-27.421283],[153.023792,-27.42644],[153.028552,-27.429478],[153.033927,-27.427359]]],"type":"Polygon"},"properties":{"hex_id":"88be8d1031fffff"},"type":"Feature"},{"geometry":{"coordinates":[[[153.033954,-27.599447],[153.034568,-27.594286],[153.029799,-27.591246],[153.024414,-27.593366],[153.023799,-27.598527],[153.028569,-27.601568],[153.033954,-27.599447]]],"type":"Polygon"},"properties":{"hex_id":"88be8d8c6dfffff"},"type":"Feature"},{"geometry":{"coordinates":[[[153.034394,-27.466501],[153.035007,-27.461343],[153.030245,-27.458304],[153.024868,-27.460424],[153.024254,-27.465582],[153.029017,-27.46862],[153.034394,-27.466501]]],"type":"Polygon"},"properties":{"hex_id":"88be8d1053fffff"},"type":"Feature"},{"geometry":{"coordinates":[[[153.034422,-27.638617],[153.035037,-27.633455],[153.030265,-27.630415],[153.024878,-27.632535],[153.024263,-27.637697],[153.029035,-27.640738],[153.034422,-27.638617]]],"type":"Polygon"},"properties":{"hex_id":"88be8d8e21fffff"},"type":"Feature"},{"geometry":{"coordinates":[[[153.034832,-27.333629],[153.035445,-27.328474],[153.030689,-27.325438],[153.025321,-27.327556],[153.024708,-27.332711],[153.029463,-27.335748],[153.034832,-27.333629]]],"type":"Polygon"},"properties":{"hex_id":"88be8d1a97fffff"},"type":"Feature"},{"geometry":{"coordinates":[[[153.034861,-27.505649],[153.035475,-27.50049],[153.03071,-27.497451],[153.025332,-27.499571],[153.024717,-27.50473],[153.029482,-27.507769],[153.034861,-27.505649]]],"type":"Polygon"},"properties":{"hex_id":"88be8d12c5fffff"},"type":"Feature"},{"geometry":{"coordinates":[[[153.035299,-27.372755],[153.035912,-27.367599],[153.031155,-27.364562],[153.025784,-27.366681],[153.02517,-27.371837],[153.029928,-27.374874],[153.035299,-27.372755]]],"type":"Polygon"},"properties":{"hex_id":"88be8d11a9fffff"},"type":"Feature"},{"geometry":{"coordinates":[[[153.035329,-27.544804],[153.035943,-27.539644],[153.031176,-27.536604],[153.025795,-27.538725],[153.025181,-27.543884],[153.029948,-27.546924],[153.035329,-27.544804]]],"type":"Polygon"},"properties":{"hex_id":"88be8d8d07fffff"},"type":"Feature"},{"geometry":{"coordinates":[[[153.035767,-27.411888],[153.03638,-27.406731],[153.03162,-27.403694],[153.026247,-27.405813],[153.025633,-27.410969],[153.030393,-27.414007],[153.035767,-27.411888]]],"type":"Polygon"},"properties":{"hex_id":"88be8d11cbfffff"},"type":"Feature"},{"geometry":{"coordinates":[[[153.035797,-27.583965],[153.036412,-27.578804],[153.031643,-27.575764],[153.026259,-27.577885],[153.025644,-27.583045],[153.030413,-27.586085],[153.035797,-27.583965]]],"type":"Polygon"},"properties":{"hex_id":"88be8d8d59fffff"},"type":"Feature"},{"geometry":{"coordinates":[[[153.036234,-27.451027],[153.036848,-27.445869],[153.032086,-27.442831],[153.026711,-27.444951],[153.026097,-27.450108],[153.030859,-27.453147],[153.036234,-27.451027]]],"type":"Polygon"},"properties":{"hex_id":"88be8d101dfffff"},"type":"Feature"},{"geometry":{"coordinates":[[[153.036266,-27.623132],[153.036881,-27.617971],[153.03211,-27.61493],[153.026724,-27.617051],[153.026109,-27.622212],[153.03088,-27.625253],[153.036266,-27.623132]]],"type":"Polygon"},"properties":{"hex_id":"88be8d8f1bfffff"},"type":"Feature"},{"geometry":{"coordinates":[[[153.03667,-27.318164],[153.037283,-27.313009],[153.032528,-27.309973],[153.02716,-27.312092],[153.026547,-27.317247],[153.031302,-27.320283],[153.03667,-27.318164]]],"type":"Polygon"},"properties":{"hex_id":"88be8d1ab3fffff"},"type":"Feature"},{"geometry":{"coordinates":[[[153.036703,-27.490173],[153.037316,-27.485014],[153.032552,-27.481975],[153.027175,-27.484095],[153.02656,-27.489254],[153.031324,-27.492293],[153.036703,-27.490173]]],"type":"Polygon"},"properties":{"hex_id":"88be8d12e1fffff"},"type":"Feature"},{"geometry":{"coordinates":[[[153.036735,-27.662306],[153.03735,-27.657144],[153.032577,-27.654103],[153.027189,-27.656224],[153.026573,-27.661386],[153.031347,-27.664427],[153.036735,-27.662306]]],"type":"Polygon"},"properties":{"hex_id":"88be8d8e0dfffff"},"type":"Feature"},{"geometry":{"coordinates":[[[153.037138,-27.357288],[153.03775,-27.352132],[153.032994,-27.349095],[153.027624,-27.351214],[153.027011,-27.35637],[153.031768,-27.359407],[153.037138,-27.357288]]],"type":"Polygon"},"properties":{"hex_id":"88be8d11a5fffff"},"type":"Feature"},{"geometry":{"coordinates":[[[153.037171,-27.529325],[153.037785,-27.524165],[153.033019,-27.521126],[153.027639,-27.523246],[153.027024,-27.528406],[153.031791,-27.531445],[153.037171,-27.529325]]],"type":"Polygon"},"properties":{"hex_id":"88be8d8d23fffff"},"type":"Feature"},{"geometry":{"coordinates":[[[153.037606,-27.396418],[153.038219,-27.391261],[153.03346,-27.388224],[153.028088,-27.390343],[153.027474,-27.395499],[153.032233,-27.398537],[153.037606,-27.396418]]],"type":"Polygon"},"properties":{"hex_id":"88be8d11c7fffff"},"type":"Feature"},{"geometry":{"coordinates":[[[153.03764,-27.568483],[153.038254,-27.563323],[153.033486,-27.560283],[153.028104,-27.562404],[153.027489,-27.567564],[153.032257,-27.570604],[153.03764,-27.568483]]],"type":"Polygon"},"properties":{"hex_id":"88be8d8d55fffff"},"type":"Feature"},{"geometry":{"coordinates":[[[153.038074,-27.435554],[153.038688,-27.430397],[153.033927,-27.427359],[153.028552,-27.429478],[153.027938,-27.434636],[153.0327,-27.437674],[153.038074,-27.435554]]],"type":"Polygon"},"properties":{"hex_id":"88be8d1039fffff"},"type":"Feature"},{"geometry":{"coordinates":[[[153.03811,-27.607648],[153.038724,-27.602487],[153.033954,-27.599447],[153.028569,-27.601568],[153.027954,-27.606729],[153.032724,-27.609769],[153.03811,-27.607648]]],"type":"Polygon"},"properties":{"hex_id":"88be8d8f17fffff"},"type":"Feature"},{"geometry":{"coordinates":[[[153.038507,-27.3027],[153.03912,-27.297546],[153.034366,-27.29451],[153.028999,-27.296628],[153.028386,-27.301783],[153.03314,-27.304819],[153.038507,-27.3027]]],"type":"Polygon"},"properties":{"hex_id":"88be8d18ddfffff"},"type":"Feature"},{"geometry":{"coordinates":[[[153.038543,-27.474697],[153.039157,-27.469539],[153.034394,-27.466501],[153.029017,-27.46862],[153.028403,-27.473779],[153.033166,-27.476817],[153.038543,-27.474697]]],"type":"Polygon"},"properties":{"hex_id":"88be8d105bfffff"},"type":"Feature"},{"geometry":{"coordinates":[[[153.038579,-27.646819],[153.039194,-27.641658],[153.034422,-27.638617],[153.029035,-27.640738],[153.028419,-27.6459],[153.033192,-27.648941],[153.038579,-27.646819]]],"type":"Polygon"},"properties":{"hex_id":"88be8d8e29fffff"},"type":"Feature"},{"geometry":{"coordinates":[[[153.038976,-27.341821],[153.039588,-27.336666],[153.034832,-27.333629],[153.029463,-27.335748],[153.02885,-27.340903],[153.033607,-27.34394],[153.038976,-27.341821]]],"type":"Polygon"},"properties":{"hex_id":"88be8d1a91fffff"},"type":"Feature"},{"geometry":{"coordinates":[[[153.039013,-27.513847],[153.039626,-27.508688],[153.034861,-27.505649],[153.029482,-27.507769],[153.028868,-27.512928],[153.033633,-27.515967],[153.039013,-27.513847]]],"type":"Polygon"},"properties":{"hex_id":"88be8d12cdfffff"},"type":"Feature"},{"geometry":{"coordinates":[[[153.039445,-27.380948],[153.040057,-27.375792],[153.035299,-27.372755],[153.029928,-27.374874],[153.029315,-27.38003],[153.034073,-27.383068],[153.039445,-27.380948]]],"type":"Polygon"},"properties":{"hex_id":"88be8d11e3fffff"},"type":"Feature"},{"geometry":{"coordinates":[[[153.039482,-27.553003],[153.040096,-27.547843],[153.035329,-27.544804],[153.029948,-27.546924],[153.029333,-27.552084],[153.034101,-27.555123],[153.039482,-27.553003]]],"type":"Polygon"},"properties":{"hex_id":"88be8d8d01fffff"},"type":"Feature"},{"geometry":{"coordinates":[[[153.039914,-27.420082],[153.040527,-27.414925],[153.035767,-27.411888],[153.030393,-27.414007],[153.02978,-27.419164],[153.03454,-27.422202],[153.039914,-27.420082]]],"type":"Polygon"},"properties":{"hex_id":"88be8d1035fffff"},"type":"Feature"},{"geometry":{"coordinates":[[[153.039953,-27.592165],[153.040567,-27.587004],[153.035797,-27.583965],[153.030413,-27.586085],[153.029799,-27.591246],[153.034568,-27.594286],[153.039953,-27.592165]]],"type":"Polygon"},"properties":{"hex_id":"88be8d8f33fffff"},"type":"Feature"},{"geometry":{"coordinates":[[[153.040383,-27.459223],[153.040997,-27.454065],[153.036234,-27.451027],[153.030859,-27.453147],[153.030245,-27.458304],[153.035007,-27.461343],[153.040383,-27.459223]]],"type":"Polygon"},"properties":{"hex_id":"88be8d1057fffff"},"type":"Feature"},{"geometry":{"coordinates":[[[153.040423,-27.631334],[153.041038,-27.626172],[153.036266,-27.623132],[153.03088,-27.625253],[153.030265,-27.630415],[153.035037,-27.633455],[153.040423,-27.631334]]],"type":"Polygon"},"properties":{"hex_id":"88be8d8e25fffff"},"type":"Feature"},{"geometry":{"coordinates":[[[153.040813,-27.326355],[153.041425,-27.3212],[153.03667,-27.318164],[153.031302,-27.320283],[153.030689,-27.325438],[153.035445,-27.328474],[153.040813,-27.326355]]],"type":"Polygon"},"properties":{"hex_id":"88be8d1abbfffff"},"type":"Feature"},{"geometry":{"coordinates":[[[153.040854,-27.49837],[153.041467,-27.493211],[153.036703,-27.490173],[153.031324,-27.492293],[153.03071,-27.497451],[153.035475,-27.50049],[153.040854,-27.49837]]],"type":"Polygon"},"properties":{"hex_id":"88be8d12e9fffff"},"type":"Feature"},{"geometry":{"coordinates":[[[153.041283,-27.36548],[153.041895,-27.360324],[153.037138,-27.357288],[153.031768,-27.359407],[153.031155,-27.364562],[153.035912,-27.367599],[153.041283,-27.36548]]],"type":"Polygon"},"properties":{"hex_id":"88be8d11adfffff"},"type":"Feature"},{"geometry":{"coordinates":[[[153.041324,-27.537523],[153.041938,-27.532364],[153.037171,-27.529325],[153.031791,-27.531445],[153.031176,-27.536604],[153.035943,-27.539644],[153.041324,-27.537523]]],"type":"Polygon"},"properties":{"hex_id":"88be8d8d2bfffff"},"type":"Feature"},{"geometry":{"coordinates":[[[153.041753,-27.404611],[153.042365,-27.399455],[153.037606,-27.396418],[153.032233,-27.398537],[153.03162,-27.403694],[153.03638,-27.406731],[153.041753,-27.404611]]],"type":"Polygon"},"properties":{"hex_id":"88be8d11c1fffff"},"type":"Feature"},{"geometry":{"coordinates":[[[153.041795,-27.576683],[153.042409,-27.571523],[153.03764,-27.568483],[153.032257,-27.570604],[153.031643,-27.575764],[153.036412,-27.578804],[153.041795,-27.576683]]],"type":"Polygon"},"properties":{"hex_id":"88be8d8d5dfffff"},"type":"Feature"},{"geometry":{"coordinates":[[[153.042223,-27.443749],[153.042836,-27.438592],[153.038074,-27.435554],[153.0327,-27.437674],[153.032086,-27.442831],[153.036848,-27.445869],[153.042223,-27.443749]]],"type":"Polygon"},"properties":{"hex_id":"88be8d1003fffff"},"type":"Feature"},{"geometry":{"coordinates":[[[153.042266,-27.615849],[153.04288,-27.610688],[153.03811,-27.607648],[153.032724,-27.609769],[153.03211,-27.61493],[153.036881,-27.617971],[153.042266,-27.615849]]],"type":"Polygon"},"properties":{"hex_id":"88be8d8f11fffff"},"type":"Feature"},{"geometry":{"coordinates":[[[153.04265,-27.310891],[153.043262,-27.305736],[153.038507,-27.3027],[153.03314,-27.304819],[153.032528,-27.309973],[153.037283,-27.313009],[153.04265,-27.310891]]],"type":"Polygon"},"properties":{"hex_id":"88be8d1ab7fffff"},"type":"Feature"},{"geometry":{"coordinates":[[[153.042694,-27.482894],[153.043307,-27.477735],[153.038543,-27.474697],[153.033166,-27.476817],[153.032552,-27.481975],[153.037316,-27.485014],[153.042694,-27.482894]]],"type":"Polygon"},"properties":{"hex_id":"88be8d12e5fffff"},"type":"Feature"},{"geometry":{"coordinates":[[[153.042738,-27.655022],[153.043352,-27.64986],[153.038579,-27.646819],[153.033192,-27.648941],[153.032577,-27.654103],[153.03735,-27.657144],[153.042738,-27.655022]]],"type":"Polygon"},"properties":{"hex_id":"88be8d8e63fffff"},"type":"Feature"},{"geometry":{"coordinates":[[[153.04312,-27.350013],[153.043732,-27.344857],[153.038976,-27.341821],[153.033607,-27.34394],[153.032994,-27.349095],[153.03775,-27.352132],[153.04312,-27.350013]]],"type":"Polygon"},"properties":{"hex_id":"88be8d1a99fffff"},"type":"Feature"},{"geometry":{"coordinates":[[[153.043165,-27.522045],[153.043778,-27.516885],[153.039013,-27.513847],[153.033633,-27.515967],[153.033019,-27.521126],[153.037785,-27.524165],[153.043165,-27.522045]]],"type":"Polygon"},"properties":{"hex_id":"88be8d8d27fffff"},"type":"Feature"},{"geometry":{"coordinates":[[[153.043591,-27.389141],[153.044203,-27.383985],[153.039445,-27.380948],[153.034073,-27.383068],[153.03346,-27.388224],[153.038219,-27.391261],[153.043591,-27.389141]]],"type":"Polygon"},"properties":{"hex_id":"88be8d11ebfffff"},"type":"Feature"},{"geometry":{"coordinates":[[[153.043637,-27.561202],[153.04425,-27.556042],[153.039482,-27.553003],[153.034101,-27.555123],[153.033486,-27.560283],[153.038254,-27.563323],[153.043637,-27.561202]]],"type":"Polygon"},"properties":{"hex_id":"88be8d8d09fffff"},"type":"Feature"},{"geometry":{"coordinates":[[[153.044062,-27.428277],[153.044675,-27.42312],[153.039914,-27.420082],[153.03454,-27.422202],[153.033927,-27.427359],[153.038688,-27.430397],[153.044062,-27.428277]]],"type":"Polygon"},"properties":{"hex_id":"88be8d103dfffff"},"type":"Feature"},{"geometry":{"coordinates":[[[153.044109,-27.600366],[153.044723,-27.595205],[153.039953,-27.592165],[153.034568,-27.594286],[153.033954,-27.599447],[153.038724,-27.602487],[153.044109,-27.600366]]],"type":"Polygon"},"properties":{"hex_id":"88be8d8f3bfffff"},"type":"Feature"},{"geometry":{"coordinates":[[[153.044486,-27.295427],[153.045098,-27.290273],[153.040344,-27.287237],[153.034978,-27.289356],[153.034366,-27.29451],[153.03912,-27.297546],[153.044486,-27.295427]]],"type":"Polygon"},"properties":{"hex_id":"88be8d18c3fffff"},"type":"Feature"},{"geometry":{"coordinates":[[[153.044533,-27.467419],[153.045146,-27.462261],[153.040383,-27.459223],[153.035007,-27.461343],[153.034394,-27.466501],[153.039157,-27.469539],[153.044533,-27.467419]]],"type":"Polygon"},"properties":{"hex_id":"88be8d1051fffff"},"type":"Feature"},{"geometry":{"coordinates":[[[153.044581,-27.639536],[153.045195,-27.634374],[153.040423,-27.631334],[153.035037,-27.633455],[153.034422,-27.638617],[153.039194,-27.641658],[153.044581,-27.639536]]],"type":"Polygon"},"properties":{"hex_id":"88be8d8e2dfffff"},"type":"Feature"},{"geometry":{"coordinates":[[[153.044957,-27.334546],[153.045569,-27.329391],[153.040813,-27.326355],[153.035445,-27.328474],[153.034832,-27.333629],[153.039588,-27.336666],[153.044957,-27.334546]]],"type":"Polygon"},"properties":{"hex_id":"88be8d1a95fffff"},"type":"Feature"},{"geometry":{"coordinates":[[[153.045005,-27.506567],[153.045619,-27.501408],[153.040854,-27.49837],[153.035475,-27.50049],[153.034861,-27.505649],[153.039626,-27.508688],[153.045005,-27.506567]]],"type":"Polygon"},"properties":{"hex_id":"88be8d1213fffff"},"type":"Feature"},{"geometry":{"coordinates":[[[153.045428,-27.373673],[153.046041,-27.368517],[153.041283,-27.36548],[153.035912,-27.367599],[153.035299,-27.372755],[153.040057,-27.375792],[153.045428,-27.373673]]],"type":"Polygon"},"properties":{"hex_id":"88be8d11e7fffff"},"type":"Feature"},{"geometry":{"coordinates":[[[153.045478,-27.545722],[153.046091,-27.540562],[153.041324,-27.537523],[153.035943,-27.539644],[153.035329,-27.544804],[153.040096,-27.547843],[153.045478,-27.545722]]],"type":"Polygon"},"properties":{"hex_id":"88be8d8d05fffff"},"type":"Feature"},{"geometry":{"coordinates":[[[153.0459,-27.412805],[153.046513,-27.407648],[153.041753,-27.404611],[153.03638,-27.406731],[153.035767,-27.411888],[153.040527,-27.414925],[153.0459,-27.412805]]],"type":"Polygon"},"properties":{"hex_id":"88be8d11c9fffff"},"type":"Feature"},{"geometry":{"coordinates":[[[153.04595,-27.584883],[153.046564,-27.579723],[153.041795,-27.576683],[153.036412,-27.578804],[153.035797,-27.583965],[153.040567,-27.587004],[153.04595,-27.584883]]],"type":"Polygon"},"properties":{"hex_id":"88be8d8f37fffff"},"type":"Feature"},{"geometry":{"coordinates":[[[153.046372,-27.451945],[153.046985,-27.446787],[153.042223,-27.443749],[153.036848,-27.445869],[153.036234,-27.451027],[153.040997,-27.454065],[153.046372,-27.451945]]],"type":"Polygon"},"properties":{"hex_id":"88be8d100bfffff"},"type":"Feature"},{"geometry":{"coordinates":[[[153.046424,-27.624051],[153.047038,-27.618889],[153.042266,-27.615849],[153.036881,-27.617971],[153.036266,-27.623132],[153.041038,-27.626172],[153.046424,-27.624051]]],"type":"Polygon"},"properties":{"hex_id":"88be8d8f19fffff"},"type":"Feature"},{"geometry":{"coordinates":[[[153.046793,-27.319081],[153.047405,-27.313926],[153.04265,-27.310891],[153.037283,-27.313009],[153.03667,-27.318164],[153.041425,-27.3212],[153.046793,-27.319081]]],"type":"Polygon"},"properties":{"hex_id":"88be8d1ab1fffff"},"type":"Feature"},{"geometry":{"coordinates":[[[153.046845,-27.491091],[153.047458,-27.485932],[153.042694,-27.482894],[153.037316,-27.485014],[153.036703,-27.490173],[153.041467,-27.493211],[153.046845,-27.491091]]],"type":"Polygon"},"properties":{"hex_id":"88be8d12edfffff"},"type":"Feature"},{"geometry":{"coordinates":[[[153.047265,-27.358205],[153.047877,-27.353049],[153.04312,-27.350013],[153.03775,-27.352132],[153.037138,-27.357288],[153.041895,-27.360324],[153.047265,-27.358205]]],"type":"Polygon"},"properties":{"hex_id":"88be8d1ad3fffff"},"type":"Feature"},{"geometry":{"coordinates":[[[153.047318,-27.530243],[153.047931,-27.525083],[153.043165,-27.522045],[153.037785,-27.524165],[153.037171,-27.529325],[153.041938,-27.532364],[153.047318,-27.530243]]],"type":"Polygon"},"properties":{"hex_id":"88be8d8d21fffff"},"type":"Feature"},{"geometry":{"coordinates":[[[153.047738,-27.397335],[153.04835,-27.392178],[153.043591,-27.389141],[153.038219,-27.391261],[153.037606,-27.396418],[153.042365,-27.399455],[153.047738,-27.397335]]],"type":"Polygon"},"properties":{"hex_id":"88be8d11c5fffff"},"type":"Feature"},{"geometry":{"coordinates":[[[153.047792,-27.569402],[153.048405,-27.564241],[153.043637,-27.561202],[153.038254,-27.563323],[153.03764,-27.568483],[153.042409,-27.571523],[153.047792,-27.569402]]],"type":"Polygon"},"properties":{"hex_id":"88be8d8d43fffff"},"type":"Feature"},{"geometry":{"coordinates":[[[153.048211,-27.436472],[153.048823,-27.431314],[153.044062,-27.428277],[153.038688,-27.430397],[153.038074,-27.435554],[153.042836,-27.438592],[153.048211,-27.436472]]],"type":"Polygon"},"properties":{"hex_id":"88be8d1007fffff"},"type":"Feature"},{"geometry":{"coordinates":[[[153.048265,-27.608567],[153.048879,-27.603406],[153.044109,-27.600366],[153.038724,-27.602487],[153.03811,-27.607648],[153.04288,-27.610688],[153.048265,-27.608567]]],"type":"Polygon"},"properties":{"hex_id":"88be8d8f15fffff"},"type":"Feature"},{"geometry":{"coordinates":[[[153.048629,-27.303617],[153.04924,-27.298462],[153.044486,-27.295427],[153.03912,-27.297546],[153.038507,-27.3027],[153.043262,-27.305736],[153.048629,-27.303617]]],"type":"Polygon"},"properties":{"hex_id":"88be8d18cbfffff"},"type":"Feature"},{"geometry":{"coordinates":[[[153.048684,-27.475615],[153.049297,-27.470457],[153.044533,-27.467419],[153.039157,-27.469539],[153.038543,-27.474697],[153.043307,-27.477735],[153.048684,-27.475615]]],"type":"Polygon"},"properties":{"hex_id":"88be8d1059fffff"},"type":"Feature"},{"geometry":{"coordinates":[[[153.04874,-27.647738],[153.049354,-27.642576],[153.044581,-27.639536],[153.039194,-27.641658],[153.038579,-27.646819],[153.043352,-27.64986],[153.04874,-27.647738]]],"type":"Polygon"},"properties":{"hex_id":"88be8d8e67fffff"},"type":"Feature"},{"geometry":{"coordinates":[[[153.049101,-27.342738],[153.049713,-27.337582],[153.044957,-27.334546],[153.039588,-27.336666],[153.038976,-27.341821],[153.043732,-27.344857],[153.049101,-27.342738]]],"type":"Polygon"},"properties":{"hex_id":"88be8d1a9dfffff"},"type":"Feature"},{"geometry":{"coordinates":[[[153.049158,-27.514765],[153.049771,-27.509606],[153.045005,-27.506567],[153.039626,-27.508688],[153.039013,-27.513847],[153.043778,-27.516885],[153.049158,-27.514765]]],"type":"Polygon"},"properties":{"hex_id":"88be8d121bfffff"},"type":"Feature"},{"geometry":{"coordinates":[[[153.049575,-27.381865],[153.050187,-27.376709],[153.045428,-27.373673],[153.040057,-27.375792],[153.039445,-27.380948],[153.044203,-27.383985],[153.049575,-27.381865]]],"type":"Polygon"},"properties":{"hex_id":"88be8d11e1fffff"},"type":"Feature"},{"geometry":{"coordinates":[[[153.049632,-27.553921],[153.050245,-27.548761],[153.045478,-27.545722],[153.040096,-27.547843],[153.039482,-27.553003],[153.04425,-27.556042],[153.049632,-27.553921]]],"type":"Polygon"},"properties":{"hex_id":"88be8d8d0dfffff"},"type":"Feature"},{"geometry":{"coordinates":[[[153.050048,-27.421],[153.050661,-27.415842],[153.0459,-27.412805],[153.040527,-27.414925],[153.039914,-27.420082],[153.044675,-27.42312],[153.050048,-27.421]]],"type":"Polygon"},"properties":{"hex_id":"88be8d1023fffff"},"type":"Feature"},{"geometry":{"coordinates":[[[153.050107,-27.593084],[153.05072,-27.587923],[153.04595,-27.584883],[153.040567,-27.587004],[153.039953,-27.592165],[153.044723,-27.595205],[153.050107,-27.593084]]],"type":"Polygon"},"properties":{"hex_id":"88be8d8f31fffff"},"type":"Feature"},{"geometry":{"coordinates":[[[153.050463,-27.288154],[153.051075,-27.282999],[153.046321,-27.279964],[153.040956,-27.282083],[153.040344,-27.287237],[153.045098,-27.290273],[153.050463,-27.288154]]],"type":"Polygon"},"properties":{"hex_id":"88be8d18c7fffff"},"type":"Feature"},{"geometry":{"coordinates":[[[153.050522,-27.46014],[153.051135,-27.454982],[153.046372,-27.451945],[153.040997,-27.454065],[153.040383,-27.459223],[153.045146,-27.462261],[153.050522,-27.46014]]],"type":"Polygon"},"properties":{"hex_id":"88be8d1055fffff"},"type":"Feature"},{"geometry":{"coordinates":[[[153.050582,-27.632253],[153.051196,-27.627091],[153.046424,-27.624051],[153.041038,-27.626172],[153.040423,-27.631334],[153.045195,-27.634374],[153.050582,-27.632253]]],"type":"Polygon"},"properties":{"hex_id":"88be8d8f53fffff"},"type":"Feature"},{"geometry":{"coordinates":[[[153.050937,-27.327272],[153.051549,-27.322117],[153.046793,-27.319081],[153.041425,-27.3212],[153.040813,-27.326355],[153.045569,-27.329391],[153.050937,-27.327272]]],"type":"Polygon"},"properties":{"hex_id":"88be8d1ab9fffff"},"type":"Feature"},{"geometry":{"coordinates":[[[153.050997,-27.499287],[153.05161,-27.494129],[153.046845,-27.491091],[153.041467,-27.493211],[153.040854,-27.49837],[153.045619,-27.501408],[153.050997,-27.499287]]],"type":"Polygon"},"properties":{"hex_id":"88be8d1217fffff"},"type":"Feature"},{"geometry":{"coordinates":[[[153.051411,-27.366397],[153.052023,-27.361241],[153.047265,-27.358205],[153.041895,-27.360324],[153.041283,-27.36548],[153.046041,-27.368517],[153.051411,-27.366397]]],"type":"Polygon"},"properties":{"hex_id":"88be8d1adbfffff"},"type":"Feature"},{"geometry":{"coordinates":[[[153.051472,-27.538441],[153.052085,-27.533282],[153.047318,-27.530243],[153.041938,-27.532364],[153.041324,-27.537523],[153.046091,-27.540562],[153.051472,-27.538441]]],"type":"Polygon"},"properties":{"hex_id":"88be8d8d29fffff"},"type":"Feature"},{"geometry":{"coordinates":[[[153.051885,-27.405528],[153.052498,-27.400372],[153.047738,-27.397335],[153.042365,-27.399455],[153.041753,-27.404611],[153.046513,-27.407648],[153.051885,-27.405528]]],"type":"Polygon"},"properties":{"hex_id":"88be8d11cdfffff"},"type":"Feature"},{"geometry":{"coordinates":[[[153.051947,-27.577601],[153.052561,-27.572441],[153.047792,-27.569402],[153.042409,-27.571523],[153.041795,-27.576683],[153.046564,-27.579723],[153.051947,-27.577601]]],"type":"Polygon"},"properties":{"hex_id":"88be8d8d4bfffff"},"type":"Feature"},{"geometry":{"coordinates":[[[153.05236,-27.444667],[153.052973,-27.439509],[153.048211,-27.436472],[153.042836,-27.438592],[153.042223,-27.443749],[153.046985,-27.446787],[153.05236,-27.444667]]],"type":"Polygon"},"properties":{"hex_id":"88be8d1001fffff"},"type":"Feature"},{"geometry":{"coordinates":[[[153.052423,-27.616768],[153.053037,-27.611607],[153.048265,-27.608567],[153.04288,-27.610688],[153.042266,-27.615849],[153.047038,-27.618889],[153.052423,-27.616768]]],"type":"Polygon"},"properties":{"hex_id":"88be8d8f1dfffff"},"type":"Feature"},{"geometry":{"coordinates":[[[153.052772,-27.311807],[153.053384,-27.306652],[153.048629,-27.303617],[153.043262,-27.305736],[153.04265,-27.310891],[153.047405,-27.313926],[153.052772,-27.311807]]],"type":"Polygon"},"properties":{"hex_id":"88be8d1ab5fffff"},"type":"Feature"},{"geometry":{"coordinates":[[[153.052835,-27.483811],[153.053448,-27.478653],[153.048684,-27.475615],[153.043307,-27.477735],[153.042694,-27.482894],[153.047458,-27.485932],[153.052835,-27.483811]]],"type":"Polygon"},"properties":{"hex_id":"88be8d1233fffff"},"type":"Feature"},{"geometry":{"coordinates":[[[153.052899,-27.655941],[153.053513,-27.650779],[153.04874,-27.647738],[153.043352,-27.64986],[153.042738,-27.655022],[153.047511,-27.658063],[153.052899,-27.655941]]],"type":"Polygon"},"properties":{"hex_id":"88be8d8e61fffff"},"type":"Feature"},{"geometry":{"coordinates":[[[153.053247,-27.350929],[153.053858,-27.345774],[153.049101,-27.342738],[153.043732,-27.344857],[153.04312,-27.350013],[153.047877,-27.353049],[153.053247,-27.350929]]],"type":"Polygon"},"properties":{"hex_id":"88be8d1ad7fffff"},"type":"Feature"},{"geometry":{"coordinates":[[[153.053311,-27.522962],[153.053924,-27.517803],[153.049158,-27.514765],[153.043778,-27.516885],[153.043165,-27.522045],[153.047931,-27.525083],[153.053311,-27.522962]]],"type":"Polygon"},"properties":{"hex_id":"88be8d8d25fffff"},"type":"Feature"},{"geometry":{"coordinates":[[[153.053722,-27.390058],[153.054334,-27.384902],[153.049575,-27.381865],[153.044203,-27.383985],[153.043591,-27.389141],[153.04835,-27.392178],[153.053722,-27.390058]]],"type":"Polygon"},"properties":{"hex_id":"88be8d11e9fffff"},"type":"Feature"},{"geometry":{"coordinates":[[[153.053787,-27.56212],[153.0544,-27.55696],[153.049632,-27.553921],[153.04425,-27.556042],[153.043637,-27.561202],[153.048405,-27.564241],[153.053787,-27.56212]]],"type":"Polygon"},"properties":{"hex_id":"88be8d8d47fffff"},"type":"Feature"},{"geometry":{"coordinates":[[[153.054197,-27.429194],[153.05481,-27.424037],[153.050048,-27.421],[153.044675,-27.42312],[153.044062,-27.428277],[153.048823,-27.431314],[153.054197,-27.429194]]],"type":"Polygon"},"properties":{"hex_id":"88be8d102bfffff"},"type":"Feature"},{"geometry":{"coordinates":[[[153.054264,-27.601284],[153.054877,-27.596123],[153.050107,-27.593084],[153.044723,-27.595205],[153.044109,-27.600366],[153.048879,-27.603406],[153.054264,-27.601284]]],"type":"Polygon"},"properties":{"hex_id":"88be8d8f39fffff"},"type":"Feature"},{"geometry":{"coordinates":[[[153.054606,-27.296343],[153.055218,-27.291189],[153.050463,-27.288154],[153.045098,-27.290273],[153.044486,-27.295427],[153.04924,-27.298462],[153.054606,-27.296343]]],"type":"Polygon"},"properties":{"hex_id":"88be8d18c1fffff"},"type":"Feature"},{"geometry":{"coordinates":[[[153.054673,-27.468336],[153.055286,-27.463178],[153.050522,-27.46014],[153.045146,-27.462261],[153.044533,-27.467419],[153.049297,-27.470457],[153.054673,-27.468336]]],"type":"Polygon"},"properties":{"hex_id":"88be8d105dfffff"},"type":"Feature"},{"geometry":{"coordinates":[[[153.054741,-27.640455],[153.055354,-27.635293],[153.050582,-27.632253],[153.045195,-27.634374],[153.044581,-27.639536],[153.049354,-27.642576],[153.054741,-27.640455]]],"type":"Polygon"},"properties":{"hex_id":"88be8d8f5bfffff"},"type":"Feature"},{"geometry":{"coordinates":[[[153.055082,-27.335463],[153.055693,-27.330308],[153.050937,-27.327272],[153.045569,-27.329391],[153.044957,-27.334546],[153.049713,-27.337582],[153.055082,-27.335463]]],"type":"Polygon"},"properties":{"hex_id":"88be8d1a83fffff"},"type":"Feature"},{"geometry":{"coordinates":[[[153.05515,-27.507485],[153.055762,-27.502326],[153.050997,-27.499287],[153.045619,-27.501408],[153.045005,-27.506567],[153.049771,-27.509606],[153.05515,-27.507485]]],"type":"Polygon"},"properties":{"hex_id":"88be8d1211fffff"},"type":"Feature"},{"geometry":{"coordinates":[[[153.055558,-27.374589],[153.056169,-27.369433],[153.051411,-27.366397],[153.046041,-27.368517],[153.045428,-27.373673],[153.050187,-27.376709],[153.055558,-27.374589]]],"type":"Polygon"},"properties":{"hex_id":"88be8d11e5fffff"},"type":"Feature"},{"geometry":{"coordinates":[[[153.055626,-27.54664],[153.056239,-27.54148],[153.051472,-27.538441],[153.046091,-27.540562],[153.045478,-27.545722],[153.050245,-27.548761],[153.055626,-27.54664]]],"type":"Polygon"},"properties":{"hex_id":"88be8d8d63fffff"},"type":"Feature"},{"geometry":{"coordinates":[[[153.056034,-27.413722],[153.056646,-27.408565],[153.051885,-27.405528],[153.046513,-27.407648],[153.0459,-27.412805],[153.050661,-27.415842],[153.056034,-27.413722]]],"type":"Polygon"},"properties":{"hex_id":"88be8d1027fffff"},"type":"Feature"},{"geometry":{"coordinates":[[[153.056104,-27.585801],[153.056717,-27.580641],[153.051947,-27.577601],[153.046564,-27.579723],[153.04595,-27.584883],[153.05072,-27.587923],[153.056104,-27.585801]]],"type":"Polygon"},"properties":{"hex_id":"88be8d8f35fffff"},"type":"Feature"},{"geometry":{"coordinates":[[[153.056511,-27.452862],[153.057123,-27.447704],[153.05236,-27.444667],[153.046985,-27.446787],[153.046372,-27.451945],[153.051135,-27.454982],[153.056511,-27.452862]]],"type":"Polygon"},"properties":{"hex_id":"88be8d1009fffff"},"type":"Feature"},{"geometry":{"coordinates":[[[153.056581,-27.624969],[153.057195,-27.619808],[153.052423,-27.616768],[153.047038,-27.618889],[153.046424,-27.624051],[153.051196,-27.627091],[153.056581,-27.624969]]],"type":"Polygon"},"properties":{"hex_id":"88be8d8f57fffff"},"type":"Feature"},{"geometry":{"coordinates":[[[153.056916,-27.319997],[153.057528,-27.314842],[153.052772,-27.311807],[153.047405,-27.313926],[153.046793,-27.319081],[153.051549,-27.322117],[153.056916,-27.319997]]],"type":"Polygon"},"properties":{"hex_id":"88be8d1abdfffff"},"type":"Feature"},{"geometry":{"coordinates":[[[153.056988,-27.492008],[153.0576,-27.486849],[153.052835,-27.483811],[153.047458,-27.485932],[153.046845,-27.491091],[153.05161,-27.494129],[153.056988,-27.492008]]],"type":"Polygon"},"properties":{"hex_id":"88be8d123bfffff"},"type":"Feature"},{"geometry":{"coordinates":[[[153.057393,-27.359121],[153.058004,-27.353965],[153.053247,-27.350929],[153.047877,-27.353049],[153.047265,-27.358205],[153.052023,-27.361241],[153.057393,-27.359121]]],"type":"Polygon"},"properties":{"hex_id":"88be8d1ad1fffff"},"type":"Feature"},{"geometry":{"coordinates":[[[153.057465,-27.53116],[153.058078,-27.526001],[153.053311,-27.522962],[153.047931,-27.525083],[153.047318,-27.530243],[153.052085,-27.533282],[153.057465,-27.53116]]],"type":"Polygon"},"properties":{"hex_id":"88be8d8d2dfffff"},"type":"Feature"},{"geometry":{"coordinates":[[[153.05787,-27.398252],[153.058482,-27.393095],[153.053722,-27.390058],[153.04835,-27.392178],[153.047738,-27.397335],[153.052498,-27.400372],[153.05787,-27.398252]]],"type":"Polygon"},"properties":{"hex_id":"88be8d1113fffff"},"type":"Feature"},{"geometry":{"coordinates":[[[153.057943,-27.570319],[153.058556,-27.565159],[153.053787,-27.56212],[153.048405,-27.564241],[153.047792,-27.569402],[153.052561,-27.572441],[153.057943,-27.570319]]],"type":"Polygon"},"properties":{"hex_id":"88be8d8d41fffff"},"type":"Feature"},{"geometry":{"coordinates":[[[153.058347,-27.437388],[153.058959,-27.432231],[153.054197,-27.429194],[153.048823,-27.431314],[153.048211,-27.436472],[153.052973,-27.439509],[153.058347,-27.437388]]],"type":"Polygon"},"properties":{"hex_id":"88be8d1005fffff"},"type":"Feature"},{"geometry":{"coordinates":[[[153.058421,-27.609485],[153.059035,-27.604324],[153.054264,-27.601284],[153.048879,-27.603406],[153.048265,-27.608567],[153.053037,-27.611607],[153.058421,-27.609485]]],"type":"Polygon"},"properties":{"hex_id":"88be8d8f03fffff"},"type":"Feature"},{"geometry":{"coordinates":[[[153.05875,-27.304533],[153.059361,-27.299378],[153.054606,-27.296343],[153.04924,-27.298462],[153.048629,-27.303617],[153.053384,-27.306652],[153.05875,-27.304533]]],"type":"Polygon"},"properties":{"hex_id":"88be8d18c9fffff"},"type":"Feature"},{"geometry":{"coordinates":[[[153.058825,-27.476532],[153.059437,-27.471374],[153.054673,-27.468336],[153.049297,-27.470457],[153.048684,-27.475615],[153.053448,-27.478653],[153.058825,-27.476532]]],"type":"Polygon"},"properties":{"hex_id":"88be8d1237fffff"},"type":"Feature"},{"geometry":{"coordinates":[[[153.0589,-27.648657],[153.059514,-27.643494],[153.054741,-27.640455],[153.049354,-27.642576],[153.04874,-27.647738],[153.053513,-27.650779],[153.0589,-27.648657]]],"type":"Polygon"},"properties":{"hex_id":"88be8d8e65fffff"},"type":"Feature"},{"geometry":{"coordinates":[[[153.059227,-27.343654],[153.059839,-27.338498],[153.055082,-27.335463],[153.049713,-27.337582],[153.049101,-27.342738],[153.053858,-27.345774],[153.059227,-27.343654]]],"type":"Polygon"},"properties":{"hex_id":"88be8d1a8bfffff"},"type":"Feature"},{"geometry":{"coordinates":[[[153.059303,-27.515682],[153.059916,-27.510523],[153.05515,-27.507485],[153.049771,-27.509606],[153.049158,-27.514765],[153.053924,-27.517803],[153.059303,-27.515682]]],"type":"Polygon"},"properties":{"hex_id":"88be8d1219fffff"},"type":"Feature"},{"geometry":{"coordinates":[[[153.059705,-27.382782],[153.060317,-27.377625],[153.055558,-27.374589],[153.050187,-27.376709],[153.049575,-27.381865],[153.054334,-27.384902],[153.059705,-27.382782]]],"type":"Polygon"},"properties":{"hex_id":"88be8d11edfffff"},"type":"Feature"},{"geometry":{"coordinates":[[[153.059782,-27.554838],[153.060395,-27.549678],[153.055626,-27.54664],[153.050245,-27.548761],[153.049632,-27.553921],[153.0544,-27.55696],[153.059782,-27.554838]]],"type":"Polygon"},"properties":{"hex_id":"88be8d8d6bfffff"},"type":"Feature"},{"geometry":{"coordinates":[[[153.060183,-27.421916],[153.060795,-27.416759],[153.056034,-27.413722],[153.050661,-27.415842],[153.050048,-27.421],[153.05481,-27.424037],[153.060183,-27.421916]]],"type":"Polygon"},"properties":{"hex_id":"88be8d1021fffff"},"type":"Feature"},{"geometry":{"coordinates":[[[153.060261,-27.594001],[153.060874,-27.58884],[153.056104,-27.585801],[153.05072,-27.587923],[153.050107,-27.593084],[153.054877,-27.596123],[153.060261,-27.594001]]],"type":"Polygon"},"properties":{"hex_id":"88be8d8f3dfffff"},"type":"Feature"},{"geometry":{"coordinates":[[[153.060583,-27.289069],[153.061194,-27.283915],[153.05644,-27.28088],[153.051075,-27.282999],[153.050463,-27.288154],[153.055218,-27.291189],[153.060583,-27.289069]]],"type":"Polygon"},"properties":{"hex_id":"88be8d18c5fffff"},"type":"Feature"},{"geometry":{"coordinates":[[[153.060662,-27.461057],[153.061274,-27.455899],[153.056511,-27.452862],[153.051135,-27.454982],[153.050522,-27.46014],[153.055286,-27.463178],[153.060662,-27.461057]]],"type":"Polygon"},"properties":{"hex_id":"88be8d1043fffff"},"type":"Feature"},{"geometry":{"coordinates":[[[153.06074,-27.633171],[153.061354,-27.628009],[153.056581,-27.624969],[153.051196,-27.627091],[153.050582,-27.632253],[153.055354,-27.635293],[153.06074,-27.633171]]],"type":"Polygon"},"properties":{"hex_id":"88be8d8f51fffff"},"type":"Feature"},{"geometry":{"coordinates":[[[153.061061,-27.328188],[153.061672,-27.323033],[153.056916,-27.319997],[153.051549,-27.322117],[153.050937,-27.327272],[153.055693,-27.330308],[153.061061,-27.328188]]],"type":"Polygon"},"properties":{"hex_id":"88be8d1a87fffff"},"type":"Feature"},{"geometry":{"coordinates":[[[153.061141,-27.500205],[153.061753,-27.495046],[153.056988,-27.492008],[153.05161,-27.494129],[153.050997,-27.499287],[153.055762,-27.502326],[153.061141,-27.500205]]],"type":"Polygon"},"properties":{"hex_id":"88be8d1215fffff"},"type":"Feature"},{"geometry":{"coordinates":[[[153.06154,-27.367313],[153.062151,-27.362157],[153.057393,-27.359121],[153.052023,-27.361241],[153.051411,-27.366397],[153.056169,-27.369433],[153.06154,-27.367313]]],"type":"Polygon"},"properties":{"hex_id":"88be8d1ad9fffff"},"type":"Feature"},{"geometry":{"coordinates":[[[153.06162,-27.539358],[153.062233,-27.534199],[153.057465,-27.53116],[153.052085,-27.533282],[153.051472,-27.538441],[153.056239,-27.54148],[153.06162,-27.539358]]],"type":"Polygon"},"properties":{"hex_id":"88be8d8d67fffff"},"type":"Feature"},{"geometry":{"coordinates":[[[153.062018,-27.406445],[153.06263,-27.401288],[153.05787,-27.398252],[153.052498,-27.400372],[153.051885,-27.405528],[153.056646,-27.408565],[153.062018,-27.406445]]],"type":"Polygon"},"properties":{"hex_id":"88be8d111bfffff"},"type":"Feature"},{"geometry":{"coordinates":[[[153.0621,-27.578519],[153.062713,-27.573358],[153.057943,-27.570319],[153.052561,-27.572441],[153.051947,-27.577601],[153.056717,-27.580641],[153.0621,-27.578519]]],"type":"Polygon"},"properties":{"hex_id":"88be8d8d49fffff"},"type":"Feature"},{"geometry":{"coordinates":[[[153.062498,-27.445583],[153.06311,-27.440425],[153.058347,-27.437388],[153.052973,-27.439509],[153.05236,-27.444667],[153.057123,-27.447704],[153.062498,-27.445583]]],"type":"Polygon"},"properties":{"hex_id":"88be8d100dfffff"},"type":"Feature"},{"geometry":{"coordinates":[[[153.06258,-27.617686],[153.063193,-27.612524],[153.058421,-27.609485],[153.053037,-27.611607],[153.052423,-27.616768],[153.057195,-27.619808],[153.06258,-27.617686]]],"type":"Polygon"},"properties":{"hex_id":"88be8d8f0bfffff"},"type":"Feature"},{"geometry":{"coordinates":[[[153.062894,-27.312723],[153.063505,-27.307568],[153.05875,-27.304533],[153.053384,-27.306652],[153.052772,-27.311807],[153.057528,-27.314842],[153.062894,-27.312723]]],"type":"Polygon"},"properties":{"hex_id":"88be8d1aa3fffff"},"type":"Feature"},{"geometry":{"coordinates":[[[153.062977,-27.484728],[153.06359,-27.479569],[153.058825,-27.476532],[153.053448,-27.478653],[153.052835,-27.483811],[153.0576,-27.486849],[153.062977,-27.484728]]],"type":"Polygon"},"properties":{"hex_id":"88be8d1231fffff"},"type":"Feature"},{"geometry":{"coordinates":[[[153.063061,-27.656859],[153.063674,-27.651696],[153.0589,-27.648657],[153.053513,-27.650779],[153.052899,-27.655941],[153.057673,-27.658981],[153.063061,-27.656859]]],"type":"Polygon"},"properties":{"hex_id":"88be8d8e6dfffff"},"type":"Feature"},{"geometry":{"coordinates":[[[153.063374,-27.351845],[153.063985,-27.34669],[153.059227,-27.343654],[153.053858,-27.345774],[153.053247,-27.350929],[153.058004,-27.353965],[153.063374,-27.351845]]],"type":"Polygon"},"properties":{"hex_id":"88be8d1ad5fffff"},"type":"Feature"},{"geometry":{"coordinates":[[[153.063458,-27.523879],[153.06407,-27.51872],[153.059303,-27.515682],[153.053924,-27.517803],[153.053311,-27.522962],[153.058078,-27.526001],[153.063458,-27.523879]]],"type":"Polygon"},"properties":{"hex_id":"88be8d1253fffff"},"type":"Feature"},{"geometry":{"coordinates":[[[153.063853,-27.390975],[153.064465,-27.385818],[153.059705,-27.382782],[153.054334,-27.384902],[153.053722,-27.390058],[153.058482,-27.393095],[153.063853,-27.390975]]],"type":"Polygon"},"properties":{"hex_id":"88be8d1117fffff"},"type":"Feature"},{"geometry":{"coordinates":[[[153.063938,-27.563037],[153.064551,-27.557877],[153.059782,-27.554838],[153.0544,-27.55696],[153.053787,-27.56212],[153.058556,-27.565159],[153.063938,-27.563037]]],"type":"Polygon"},"properties":{"hex_id":"88be8d8d45fffff"},"type":"Feature"},{"geometry":{"coordinates":[[[153.064333,-27.43011],[153.064945,-27.424953],[153.060183,-27.421916],[153.05481,-27.424037],[153.054197,-27.429194],[153.058959,-27.432231],[153.064333,-27.43011]]],"type":"Polygon"},"properties":{"hex_id":"88be8d1029fffff"},"type":"Feature"},{"geometry":{"coordinates":[[[153.064419,-27.602202],[153.065032,-27.59704],[153.060261,-27.594001],[153.054877,-27.596123],[153.054264,-27.601284],[153.059035,-27.604324],[153.064419,-27.602202]]],"type":"Polygon"},"properties":{"hex_id":"88be8d8f07fffff"},"type":"Feature"},{"geometry":{"coordinates":[[[153.064727,-27.297259],[153.065338,-27.292104],[153.060583,-27.289069],[153.055218,-27.291189],[153.054606,-27.296343],[153.059361,-27.299378],[153.064727,-27.297259]]],"type":"Polygon"},"properties":{"hex_id":"88be8d18cdfffff"},"type":"Feature"},{"geometry":{"coordinates":[[[153.064814,-27.469253],[153.065425,-27.464094],[153.060662,-27.461057],[153.055286,-27.463178],[153.054673,-27.468336],[153.059437,-27.471374],[153.064814,-27.469253]]],"type":"Polygon"},"properties":{"hex_id":"88be8d104bfffff"},"type":"Feature"},{"geometry":{"coordinates":[[[153.0649,-27.641372],[153.065513,-27.63621],[153.06074,-27.633171],[153.055354,-27.635293],[153.054741,-27.640455],[153.059514,-27.643494],[153.0649,-27.641372]]],"type":"Polygon"},"properties":{"hex_id":"88be8d8f59fffff"},"type":"Feature"},{"geometry":{"coordinates":[[[153.065207,-27.336379],[153.065818,-27.331223],[153.061061,-27.328188],[153.055693,-27.330308],[153.055082,-27.335463],[153.059839,-27.338498],[153.065207,-27.336379]]],"type":"Polygon"},"properties":{"hex_id":"88be8d1a81fffff"},"type":"Feature"},{"geometry":{"coordinates":[[[153.065294,-27.508401],[153.065907,-27.503242],[153.061141,-27.500205],[153.055762,-27.502326],[153.05515,-27.507485],[153.059916,-27.510523],[153.065294,-27.508401]]],"type":"Polygon"},"properties":{"hex_id":"88be8d121dfffff"},"type":"Feature"},{"geometry":{"coordinates":[[[153.065687,-27.375505],[153.066298,-27.370349],[153.06154,-27.367313],[153.056169,-27.369433],[153.055558,-27.374589],[153.060317,-27.377625],[153.065687,-27.375505]]],"type":"Polygon"},"properties":{"hex_id":"88be8d1133fffff"},"type":"Feature"},{"geometry":{"coordinates":[[[153.065776,-27.547557],[153.066388,-27.542397],[153.06162,-27.539358],[153.056239,-27.54148],[153.055626,-27.54664],[153.060395,-27.549678],[153.065776,-27.547557]]],"type":"Polygon"},"properties":{"hex_id":"88be8d8d61fffff"},"type":"Feature"},{"geometry":{"coordinates":[[[153.066168,-27.414638],[153.066779,-27.409481],[153.062018,-27.406445],[153.056646,-27.408565],[153.056034,-27.413722],[153.060795,-27.416759],[153.066168,-27.414638]]],"type":"Polygon"},"properties":{"hex_id":"88be8d1025fffff"},"type":"Feature"},{"geometry":{"coordinates":[[[153.066257,-27.586718],[153.06687,-27.581558],[153.0621,-27.578519],[153.056717,-27.580641],[153.056104,-27.585801],[153.060874,-27.58884],[153.066257,-27.586718]]],"type":"Polygon"},"properties":{"hex_id":"88be8d8f23fffff"},"type":"Feature"},{"geometry":{"coordinates":[[[153.066649,-27.453778],[153.067261,-27.44862],[153.062498,-27.445583],[153.057123,-27.447704],[153.056511,-27.452862],[153.061274,-27.455899],[153.066649,-27.453778]]],"type":"Polygon"},"properties":{"hex_id":"88be8d1047fffff"},"type":"Feature"},{"geometry":{"coordinates":[[[153.066739,-27.625887],[153.067352,-27.620725],[153.06258,-27.617686],[153.057195,-27.619808],[153.056581,-27.624969],[153.061354,-27.628009],[153.066739,-27.625887]]],"type":"Polygon"},"properties":{"hex_id":"88be8d8f55fffff"},"type":"Feature"},{"geometry":{"coordinates":[[[153.06704,-27.320913],[153.06765,-27.315758],[153.062894,-27.312723],[153.057528,-27.314842],[153.056916,-27.319997],[153.061672,-27.323033],[153.06704,-27.320913]]],"type":"Polygon"},"properties":{"hex_id":"88be8d1aabfffff"},"type":"Feature"},{"geometry":{"coordinates":[[[153.067131,-27.492924],[153.067743,-27.487766],[153.062977,-27.484728],[153.0576,-27.486849],[153.056988,-27.492008],[153.061753,-27.495046],[153.067131,-27.492924]]],"type":"Polygon"},"properties":{"hex_id":"88be8d1239fffff"},"type":"Feature"},{"geometry":{"coordinates":[[[153.067521,-27.360037],[153.068132,-27.354881],[153.063374,-27.351845],[153.058004,-27.353965],[153.057393,-27.359121],[153.062151,-27.362157],[153.067521,-27.360037]]],"type":"Polygon"},"properties":{"hex_id":"88be8d1addfffff"},"type":"Feature"},{"geometry":{"coordinates":[[[153.067613,-27.532077],[153.068225,-27.526917],[153.063458,-27.523879],[153.058078,-27.526001],[153.057465,-27.53116],[153.062233,-27.534199],[153.067613,-27.532077]]],"type":"Polygon"},"properties":{"hex_id":"88be8d125bfffff"},"type":"Feature"},{"geometry":{"coordinates":[[[153.068002,-27.399167],[153.068613,-27.394011],[153.063853,-27.390975],[153.058482,-27.393095],[153.05787,-27.398252],[153.06263,-27.401288],[153.068002,-27.399167]]],"type":"Polygon"},"properties":{"hex_id":"88be8d1111fffff"},"type":"Feature"},{"geometry":{"coordinates":[[[153.068095,-27.571236],[153.068707,-27.566076],[153.063938,-27.563037],[153.058556,-27.565159],[153.057943,-27.570319],[153.062713,-27.573358],[153.068095,-27.571236]]],"type":"Polygon"},"properties":{"hex_id":"88be8d8d4dfffff"},"type":"Feature"},{"geometry":{"coordinates":[[[153.068484,-27.438305],[153.069095,-27.433147],[153.064333,-27.43011],[153.058959,-27.432231],[153.058347,-27.437388],[153.06311,-27.440425],[153.068484,-27.438305]]],"type":"Polygon"},"properties":{"hex_id":"88be8d1063fffff"},"type":"Feature"},{"geometry":{"coordinates":[[[153.068578,-27.610402],[153.06919,-27.605241],[153.064419,-27.602202],[153.059035,-27.604324],[153.058421,-27.609485],[153.063193,-27.612524],[153.068578,-27.610402]]],"type":"Polygon"},"properties":{"hex_id":"88be8d8f01fffff"},"type":"Feature"},{"geometry":{"coordinates":[[[153.068872,-27.305448],[153.069482,-27.300293],[153.064727,-27.297259],[153.059361,-27.299378],[153.05875,-27.304533],[153.063505,-27.307568],[153.068872,-27.305448]]],"type":"Polygon"},"properties":{"hex_id":"88be8d1aa7fffff"},"type":"Feature"},{"geometry":{"coordinates":[[[153.068966,-27.477448],[153.069578,-27.47229],[153.064814,-27.469253],[153.059437,-27.471374],[153.058825,-27.476532],[153.06359,-27.479569],[153.068966,-27.477448]]],"type":"Polygon"},"properties":{"hex_id":"88be8d1235fffff"},"type":"Feature"},{"geometry":{"coordinates":[[[153.069061,-27.649574],[153.069674,-27.644412],[153.0649,-27.641372],[153.059514,-27.643494],[153.0589,-27.648657],[153.063674,-27.651696],[153.069061,-27.649574]]],"type":"Polygon"},"properties":{"hex_id":"88be8d81b3fffff"},"type":"Feature"},{"geometry":{"coordinates":[[[153.069353,-27.344569],[153.069964,-27.339414],[153.065207,-27.336379],[153.059839,-27.338498],[153.059227,-27.343654],[153.063985,-27.34669],[153.069353,-27.344569]]],"type":"Polygon"},"properties":{"hex_id":"88be8d1a89fffff"},"type":"Feature"},{"geometry":{"coordinates":[[[153.069449,-27.516599],[153.070061,-27.511439],[153.065294,-27.508401],[153.059916,-27.510523],[153.059303,-27.515682],[153.06407,-27.51872],[153.069449,-27.516599]]],"type":"Polygon"},"properties":{"hex_id":"88be8d1257fffff"},"type":"Feature"},{"geometry":{"coordinates":[[[153.069836,-27.383697],[153.070447,-27.378541],[153.065687,-27.375505],[153.060317,-27.377625],[153.059705,-27.382782],[153.064465,-27.385818],[153.069836,-27.383697]]],"type":"Polygon"},"properties":{"hex_id":"88be8d113bfffff"},"type":"Feature"},{"geometry":{"coordinates":[[[153.069932,-27.555755],[153.070544,-27.550595],[153.065776,-27.547557],[153.060395,-27.549678],[153.059782,-27.554838],[153.064551,-27.557877],[153.069932,-27.555755]]],"type":"Polygon"},"properties":{"hex_id":"88be8d8d69fffff"},"type":"Feature"},{"geometry":{"coordinates":[[[153.070318,-27.422832],[153.070929,-27.417675],[153.066168,-27.414638],[153.060795,-27.416759],[153.060183,-27.421916],[153.064945,-27.424953],[153.070318,-27.422832]]],"type":"Polygon"},"properties":{"hex_id":"88be8d102dfffff"},"type":"Feature"},{"geometry":{"coordinates":[[[153.070416,-27.594918],[153.071028,-27.589757],[153.066257,-27.586718],[153.060874,-27.58884],[153.060261,-27.594001],[153.065032,-27.59704],[153.070416,-27.594918]]],"type":"Polygon"},"properties":{"hex_id":"88be8d8f2bfffff"},"type":"Feature"},{"geometry":{"coordinates":[[[153.070703,-27.289984],[153.071314,-27.28483],[153.066559,-27.281795],[153.061194,-27.283915],[153.060583,-27.289069],[153.065338,-27.292104],[153.070703,-27.289984]]],"type":"Polygon"},"properties":{"hex_id":"88be8d1813fffff"},"type":"Feature"},{"geometry":{"coordinates":[[[153.070801,-27.461973],[153.071413,-27.456815],[153.066649,-27.453778],[153.061274,-27.455899],[153.060662,-27.461057],[153.065425,-27.464094],[153.070801,-27.461973]]],"type":"Polygon"},"properties":{"hex_id":"88be8d1041fffff"},"type":"Feature"},{"geometry":{"coordinates":[[[153.0709,-27.634088],[153.071512,-27.628926],[153.066739,-27.625887],[153.061354,-27.628009],[153.06074,-27.633171],[153.065513,-27.63621],[153.0709,-27.634088]]],"type":"Polygon"},"properties":{"hex_id":"88be8d8f5dfffff"},"type":"Feature"},{"geometry":{"coordinates":[[[153.071186,-27.329103],[153.071796,-27.323948],[153.06704,-27.320913],[153.061672,-27.323033],[153.061061,-27.328188],[153.065818,-27.331223],[153.071186,-27.329103]]],"type":"Polygon"},"properties":{"hex_id":"88be8d1a85fffff"},"type":"Feature"},{"geometry":{"coordinates":[[[153.071285,-27.501121],[153.071896,-27.495962],[153.067131,-27.492924],[153.061753,-27.495046],[153.061141,-27.500205],[153.065907,-27.503242],[153.071285,-27.501121]]],"type":"Polygon"},"properties":{"hex_id":"88be8d1203fffff"},"type":"Feature"},{"geometry":{"coordinates":[[[153.071669,-27.368228],[153.072279,-27.363072],[153.067521,-27.360037],[153.062151,-27.362157],[153.06154,-27.367313],[153.066298,-27.370349],[153.071669,-27.368228]]],"type":"Polygon"},"properties":{"hex_id":"88be8d1137fffff"},"type":"Feature"},{"geometry":{"coordinates":[[[153.071768,-27.540275],[153.07238,-27.535115],[153.067613,-27.532077],[153.062233,-27.534199],[153.06162,-27.539358],[153.066388,-27.542397],[153.071768,-27.540275]]],"type":"Polygon"},"properties":{"hex_id":"88be8d8d65fffff"},"type":"Feature"},{"geometry":{"coordinates":[[[153.072152,-27.40736],[153.072763,-27.402204],[153.068002,-27.399167],[153.06263,-27.401288],[153.062018,-27.406445],[153.066779,-27.409481],[153.072152,-27.40736]]],"type":"Polygon"},"properties":{"hex_id":"88be8d1119fffff"},"type":"Feature"},{"geometry":{"coordinates":[[[153.072253,-27.579436],[153.072865,-27.574275],[153.068095,-27.571236],[153.062713,-27.573358],[153.0621,-27.578519],[153.06687,-27.581558],[153.072253,-27.579436]]],"type":"Polygon"},"properties":{"hex_id":"88be8d8f27fffff"},"type":"Feature"},{"geometry":{"coordinates":[[[153.072636,-27.446499],[153.073247,-27.441341],[153.068484,-27.438305],[153.06311,-27.440425],[153.062498,-27.445583],[153.067261,-27.44862],[153.072636,-27.446499]]],"type":"Polygon"},"properties":{"hex_id":"88be8d106bfffff"},"type":"Feature"},{"geometry":{"coordinates":[[[153.072737,-27.618603],[153.07335,-27.613441],[153.068578,-27.610402],[153.063193,-27.612524],[153.06258,-27.617686],[153.067352,-27.620725],[153.072737,-27.618603]]],"type":"Polygon"},"properties":{"hex_id":"88be8d8f09fffff"},"type":"Feature"},{"geometry":{"coordinates":[[[153.073017,-27.313638],[153.073628,-27.308483],[153.068872,-27.305448],[153.063505,-27.307568],[153.062894,-27.312723],[153.06765,-27.315758],[153.073017,-27.313638]]],"type":"Polygon"},"properties":{"hex_id":"88be8d1aa1fffff"},"type":"Feature"},{"geometry":{"coordinates":[[[153.07312,-27.485644],[153.073731,-27.480486],[153.068966,-27.477448],[153.06359,-27.479569],[153.062977,-27.484728],[153.067743,-27.487766],[153.07312,-27.485644]]],"type":"Polygon"},"properties":{"hex_id":"88be8d123dfffff"},"type":"Feature"},{"geometry":{"coordinates":[[[153.073501,-27.35276],[153.074111,-27.347605],[153.069353,-27.344569],[153.063985,-27.34669],[153.063374,-27.351845],[153.068132,-27.354881],[153.073501,-27.35276]]],"type":"Polygon"},"properties":{"hex_id":"88be8d1ac3fffff"},"type":"Feature"},{"geometry":{"coordinates":[[[153.073604,-27.524796],[153.074216,-27.519636],[153.069449,-27.516599],[153.06407,-27.51872],[153.063458,-27.523879],[153.068225,-27.526917],[153.073604,-27.524796]]],"type":"Polygon"},"properties":{"hex_id":"88be8d1251fffff"},"type":"Feature"},{"geometry":{"coordinates":[[[153.073985,-27.39189],[153.074596,-27.386733],[153.069836,-27.383697],[153.064465,-27.385818],[153.063853,-27.390975],[153.068613,-27.394011],[153.073985,-27.39189]]],"type":"Polygon"},"properties":{"hex_id":"88be8d1115fffff"},"type":"Feature"},{"geometry":{"coordinates":[[[153.074089,-27.563954],[153.074701,-27.558793],[153.069932,-27.555755],[153.064551,-27.557877],[153.063938,-27.563037],[153.068707,-27.566076],[153.074089,-27.563954]]],"type":"Polygon"},"properties":{"hex_id":"88be8d8893fffff"},"type":"Feature"},{"geometry":{"coordinates":[[[153.074469,-27.431026],[153.07508,-27.425868],[153.070318,-27.422832],[153.064945,-27.424953],[153.064333,-27.43011],[153.069095,-27.433147],[153.074469,-27.431026]]],"type":"Polygon"},"properties":{"hex_id":"88be8d1067fffff"},"type":"Feature"},{"geometry":{"coordinates":[[[153.074575,-27.603118],[153.075187,-27.597957],[153.070416,-27.594918],[153.065032,-27.59704],[153.064419,-27.602202],[153.06919,-27.605241],[153.074575,-27.603118]]],"type":"Polygon"},"properties":{"hex_id":"88be8d8f05fffff"},"type":"Feature"},{"geometry":{"coordinates":[[[153.074954,-27.470168],[153.075565,-27.46501],[153.070801,-27.461973],[153.065425,-27.464094],[153.064814,-27.469253],[153.069578,-27.47229],[153.074954,-27.470168]]],"type":"Polygon"},"properties":{"hex_id":"88be8d1049fffff"},"type":"Feature"},{"geometry":{"coordinates":[[[153.07506,-27.642289],[153.075673,-27.637127],[153.0709,-27.634088],[153.065513,-27.63621],[153.0649,-27.641372],[153.069674,-27.644412],[153.07506,-27.642289]]],"type":"Polygon"},"properties":{"hex_id":"88be8d81b7fffff"},"type":"Feature"},{"geometry":{"coordinates":[[[153.075332,-27.337294],[153.075943,-27.332138],[153.071186,-27.329103],[153.065818,-27.331223],[153.065207,-27.336379],[153.069964,-27.339414],[153.075332,-27.337294]]],"type":"Polygon"},"properties":{"hex_id":"88be8d1a8dfffff"},"type":"Feature"},{"geometry":{"coordinates":[[[153.075439,-27.509318],[153.076051,-27.504158],[153.071285,-27.501121],[153.065907,-27.503242],[153.065294,-27.508401],[153.070061,-27.511439],[153.075439,-27.509318]]],"type":"Polygon"},"properties":{"hex_id":"88be8d120bfffff"},"type":"Feature"},{"geometry":{"coordinates":[[[153.075817,-27.37642],[153.076428,-27.371264],[153.071669,-27.368228],[153.066298,-27.370349],[153.065687,-27.375505],[153.070447,-27.378541],[153.075817,-27.37642]]],"type":"Polygon"},"properties":{"hex_id":"88be8d1131fffff"},"type":"Feature"},{"geometry":{"coordinates":[[[153.075925,-27.548473],[153.076537,-27.543313],[153.071768,-27.540275],[153.066388,-27.542397],[153.065776,-27.547557],[153.070544,-27.550595],[153.075925,-27.548473]]],"type":"Polygon"},"properties":{"hex_id":"88be8d8d6dfffff"},"type":"Feature"},{"geometry":{"coordinates":[[[153.076302,-27.415554],[153.076913,-27.410397],[153.072152,-27.40736],[153.066779,-27.409481],[153.066168,-27.414638],[153.070929,-27.417675],[153.076302,-27.415554]]],"type":"Polygon"},"properties":{"hex_id":"88be8d1153fffff"},"type":"Feature"},{"geometry":{"coordinates":[[[153.076411,-27.587635],[153.077023,-27.582474],[153.072253,-27.579436],[153.06687,-27.581558],[153.066257,-27.586718],[153.071028,-27.589757],[153.076411,-27.587635]]],"type":"Polygon"},"properties":{"hex_id":"88be8d8f21fffff"},"type":"Feature"},{"geometry":{"coordinates":[[[153.076788,-27.454694],[153.077399,-27.449536],[153.072636,-27.446499],[153.067261,-27.44862],[153.066649,-27.453778],[153.071413,-27.456815],[153.076788,-27.454694]]],"type":"Polygon"},"properties":{"hex_id":"88be8d1045fffff"},"type":"Feature"},{"geometry":{"coordinates":[[[153.076898,-27.626803],[153.07751,-27.621642],[153.072737,-27.618603],[153.067352,-27.620725],[153.066739,-27.625887],[153.071512,-27.628926],[153.076898,-27.626803]]],"type":"Polygon"},"properties":{"hex_id":"88be8d8f43fffff"},"type":"Feature"},{"geometry":{"coordinates":[[[153.077163,-27.321828],[153.077774,-27.316672],[153.073017,-27.313638],[153.06765,-27.315758],[153.06704,-27.320913],[153.071796,-27.323948],[153.077163,-27.321828]]],"type":"Polygon"},"properties":{"hex_id":"88be8d1aa9fffff"},"type":"Feature"},{"geometry":{"coordinates":[[[153.077274,-27.49384],[153.077885,-27.488681],[153.07312,-27.485644],[153.067743,-27.487766],[153.067131,-27.492924],[153.071896,-27.495962],[153.077274,-27.49384]]],"type":"Polygon"},"properties":{"hex_id":"88be8d1207fffff"},"type":"Feature"},{"geometry":{"coordinates":[[[153.077649,-27.360952],[153.078259,-27.355796],[153.073501,-27.35276],[153.068132,-27.354881],[153.067521,-27.360037],[153.072279,-27.363072],[153.077649,-27.360952]]],"type":"Polygon"},"properties":{"hex_id":"88be8d1acbfffff"},"type":"Feature"},{"geometry":{"coordinates":[[[153.07776,-27.532993],[153.078372,-27.527833],[153.073604,-27.524796],[153.068225,-27.526917],[153.067613,-27.532077],[153.07238,-27.535115],[153.07776,-27.532993]]],"type":"Polygon"},"properties":{"hex_id":"88be8d1259fffff"},"type":"Feature"},{"geometry":{"coordinates":[[[153.078135,-27.400083],[153.078745,-27.394926],[153.073985,-27.39189],[153.068613,-27.394011],[153.068002,-27.399167],[153.072763,-27.402204],[153.078135,-27.400083]]],"type":"Polygon"},"properties":{"hex_id":"88be8d111dfffff"},"type":"Feature"},{"geometry":{"coordinates":[[[153.078247,-27.572153],[153.078859,-27.566992],[153.074089,-27.563954],[153.068707,-27.566076],[153.068095,-27.571236],[153.072865,-27.574275],[153.078247,-27.572153]]],"type":"Polygon"},"properties":{"hex_id":"88be8d889bfffff"},"type":"Feature"},{"geometry":{"coordinates":[[[153.078621,-27.43922],[153.079232,-27.434062],[153.074469,-27.431026],[153.069095,-27.433147],[153.068484,-27.438305],[153.073247,-27.441341],[153.078621,-27.43922]]],"type":"Polygon"},"properties":{"hex_id":"88be8d1061fffff"},"type":"Feature"},{"geometry":{"coordinates":[[[153.078734,-27.611318],[153.079346,-27.606157],[153.074575,-27.603118],[153.06919,-27.605241],[153.068578,-27.610402],[153.07335,-27.613441],[153.078734,-27.611318]]],"type":"Polygon"},"properties":{"hex_id":"88be8d8f0dfffff"},"type":"Feature"},{"geometry":{"coordinates":[[[153.079108,-27.478364],[153.079719,-27.473205],[153.074954,-27.470168],[153.069578,-27.47229],[153.068966,-27.477448],[153.073731,-27.480486],[153.079108,-27.478364]]],"type":"Polygon"},"properties":{"hex_id":"88be8d1223fffff"},"type":"Feature"},{"geometry":{"coordinates":[[[153.079222,-27.650491],[153.079834,-27.645328],[153.07506,-27.642289],[153.069674,-27.644412],[153.069061,-27.649574],[153.073835,-27.652614],[153.079222,-27.650491]]],"type":"Polygon"},"properties":{"hex_id":"88be8d81b1fffff"},"type":"Feature"},{"geometry":{"coordinates":[[[153.07948,-27.345484],[153.08009,-27.340329],[153.075332,-27.337294],[153.069964,-27.339414],[153.069353,-27.344569],[153.074111,-27.347605],[153.07948,-27.345484]]],"type":"Polygon"},"properties":{"hex_id":"88be8d1ac7fffff"},"type":"Feature"},{"geometry":{"coordinates":[[[153.079595,-27.517514],[153.080206,-27.512355],[153.075439,-27.509318],[153.070061,-27.511439],[153.069449,-27.516599],[153.074216,-27.519636],[153.079595,-27.517514]]],"type":"Polygon"},"properties":{"hex_id":"88be8d1255fffff"},"type":"Feature"},{"geometry":{"coordinates":[[[153.079966,-27.384612],[153.080577,-27.379456],[153.075817,-27.37642],[153.070447,-27.378541],[153.069836,-27.383697],[153.074596,-27.386733],[153.079966,-27.384612]]],"type":"Polygon"},"properties":{"hex_id":"88be8d1139fffff"},"type":"Feature"},{"geometry":{"coordinates":[[[153.080082,-27.556671],[153.080694,-27.551511],[153.075925,-27.548473],[153.070544,-27.550595],[153.069932,-27.555755],[153.074701,-27.558793],[153.080082,-27.556671]]],"type":"Polygon"},"properties":{"hex_id":"88be8d8897fffff"},"type":"Feature"},{"geometry":{"coordinates":[[[153.080454,-27.423747],[153.081064,-27.41859],[153.076302,-27.415554],[153.070929,-27.417675],[153.070318,-27.422832],[153.07508,-27.425868],[153.080454,-27.423747]]],"type":"Polygon"},"properties":{"hex_id":"88be8d115bfffff"},"type":"Feature"},{"geometry":{"coordinates":[[[153.08057,-27.595835],[153.081182,-27.590673],[153.076411,-27.587635],[153.071028,-27.589757],[153.070416,-27.594918],[153.075187,-27.597957],[153.08057,-27.595835]]],"type":"Polygon"},"properties":{"hex_id":"88be8d8f29fffff"},"type":"Feature"},{"geometry":{"coordinates":[[[153.080941,-27.462889],[153.081552,-27.45773],[153.076788,-27.454694],[153.071413,-27.456815],[153.070801,-27.461973],[153.075565,-27.46501],[153.080941,-27.462889]]],"type":"Polygon"},"properties":{"hex_id":"88be8d104dfffff"},"type":"Feature"},{"geometry":{"coordinates":[[[153.081059,-27.635004],[153.081671,-27.629842],[153.076898,-27.626803],[153.071512,-27.628926],[153.0709,-27.634088],[153.075673,-27.637127],[153.081059,-27.635004]]],"type":"Polygon"},"properties":{"hex_id":"88be8d8f4bfffff"},"type":"Feature"},{"geometry":{"coordinates":[[[153.08131,-27.330018],[153.08192,-27.324862],[153.077163,-27.321828],[153.071796,-27.323948],[153.071186,-27.329103],[153.075943,-27.332138],[153.08131,-27.330018]]],"type":"Polygon"},"properties":{"hex_id":"88be8d1ae3fffff"},"type":"Feature"},{"geometry":{"coordinates":[[[153.081429,-27.502036],[153.08204,-27.496877],[153.077274,-27.49384],[153.071896,-27.495962],[153.071285,-27.501121],[153.076051,-27.504158],[153.081429,-27.502036]]],"type":"Polygon"},"properties":{"hex_id":"88be8d1201fffff"},"type":"Feature"},{"geometry":{"coordinates":[[[153.081798,-27.369143],[153.082408,-27.363987],[153.077649,-27.360952],[153.072279,-27.363072],[153.071669,-27.368228],[153.076428,-27.371264],[153.081798,-27.369143]]],"type":"Polygon"},"properties":{"hex_id":"88be8d1135fffff"},"type":"Feature"},{"geometry":{"coordinates":[[[153.081917,-27.541191],[153.082529,-27.536031],[153.07776,-27.532993],[153.07238,-27.535115],[153.071768,-27.540275],[153.076537,-27.543313],[153.081917,-27.541191]]],"type":"Polygon"},"properties":{"hex_id":"88be8d88b3fffff"},"type":"Feature"},{"geometry":{"coordinates":[[[153.082285,-27.408275],[153.082896,-27.403118],[153.078135,-27.400083],[153.072763,-27.402204],[153.072152,-27.40736],[153.076913,-27.410397],[153.082285,-27.408275]]],"type":"Polygon"},"properties":{"hex_id":"88be8d1157fffff"},"type":"Feature"},{"geometry":{"coordinates":[[[153.082406,-27.580352],[153.083017,-27.575191],[153.078247,-27.572153],[153.072865,-27.574275],[153.072253,-27.579436],[153.077023,-27.582474],[153.082406,-27.580352]]],"type":"Polygon"},"properties":{"hex_id":"88be8d8f25fffff"},"type":"Feature"},{"geometry":{"coordinates":[[[153.082774,-27.447414],[153.083384,-27.442256],[153.078621,-27.43922],[153.073247,-27.441341],[153.072636,-27.446499],[153.077399,-27.449536],[153.082774,-27.447414]]],"type":"Polygon"},"properties":{"hex_id":"88be8d1069fffff"},"type":"Feature"},{"geometry":{"coordinates":[[[153.082895,-27.619519],[153.083507,-27.614357],[153.078734,-27.611318],[153.07335,-27.613441],[153.072737,-27.618603],[153.07751,-27.621642],[153.082895,-27.619519]]],"type":"Polygon"},"properties":{"hex_id":"88be8d8f47fffff"},"type":"Feature"},{"geometry":{"coordinates":[[[153.083262,-27.48656],[153.083873,-27.481401],[153.079108,-27.478364],[153.073731,-27.480486],[153.07312,-27.485644],[153.077885,-27.488681],[153.083262,-27.48656]]],"type":"Polygon"},"properties":{"hex_id":"88be8d122bfffff"},"type":"Feature"},{"geometry":{"coordinates":[[[153.083628,-27.353675],[153.084238,-27.348519],[153.07948,-27.345484],[153.074111,-27.347605],[153.073501,-27.35276],[153.078259,-27.355796],[153.083628,-27.353675]]],"type":"Polygon"},"properties":{"hex_id":"88be8d1ac1fffff"},"type":"Feature"},{"geometry":{"coordinates":[[[153.083751,-27.525711],[153.084362,-27.520552],[153.079595,-27.517514],[153.074216,-27.519636],[153.073604,-27.524796],[153.078372,-27.527833],[153.083751,-27.525711]]],"type":"Polygon"},"properties":{"hex_id":"88be8d125dfffff"},"type":"Feature"},{"geometry":{"coordinates":[[[153.084117,-27.392805],[153.084727,-27.387648],[153.079966,-27.384612],[153.074596,-27.386733],[153.073985,-27.39189],[153.078745,-27.394926],[153.084117,-27.392805]]],"type":"Polygon"},"properties":{"hex_id":"88be8d1103fffff"},"type":"Feature"},{"geometry":{"coordinates":[[[153.084241,-27.56487],[153.084852,-27.559709],[153.080082,-27.556671],[153.074701,-27.558793],[153.074089,-27.563954],[153.078859,-27.566992],[153.084241,-27.56487]]],"type":"Polygon"},"properties":{"hex_id":"88be8d8891fffff"},"type":"Feature"},{"geometry":{"coordinates":[[[153.084606,-27.431941],[153.085216,-27.426783],[153.080454,-27.423747],[153.07508,-27.425868],[153.074469,-27.431026],[153.079232,-27.434062],[153.084606,-27.431941]]],"type":"Polygon"},"properties":{"hex_id":"88be8d1065fffff"},"type":"Feature"},{"geometry":{"coordinates":[[[153.08473,-27.604034],[153.085342,-27.598873],[153.08057,-27.595835],[153.075187,-27.597957],[153.074575,-27.603118],[153.079346,-27.606157],[153.08473,-27.604034]]],"type":"Polygon"},"properties":{"hex_id":"88be8d8f63fffff"},"type":"Feature"},{"geometry":{"coordinates":[[[153.085095,-27.471084],[153.085706,-27.465925],[153.080941,-27.462889],[153.075565,-27.46501],[153.074954,-27.470168],[153.079719,-27.473205],[153.085095,-27.471084]]],"type":"Polygon"},"properties":{"hex_id":"88be8d1227fffff"},"type":"Feature"},{"geometry":{"coordinates":[[[153.085221,-27.643205],[153.085833,-27.638043],[153.081059,-27.635004],[153.075673,-27.637127],[153.07506,-27.642289],[153.079834,-27.645328],[153.085221,-27.643205]]],"type":"Polygon"},"properties":{"hex_id":"88be8d81b5fffff"},"type":"Feature"},{"geometry":{"coordinates":[[[153.085458,-27.338208],[153.086068,-27.333052],[153.08131,-27.330018],[153.075943,-27.332138],[153.075332,-27.337294],[153.08009,-27.340329],[153.085458,-27.338208]]],"type":"Polygon"},"properties":{"hex_id":"88be8d1aebfffff"},"type":"Feature"},{"geometry":{"coordinates":[[[153.085585,-27.510233],[153.086196,-27.505074],[153.081429,-27.502036],[153.076051,-27.504158],[153.075439,-27.509318],[153.080206,-27.512355],[153.085585,-27.510233]]],"type":"Polygon"},"properties":{"hex_id":"88be8d1209fffff"},"type":"Feature"},{"geometry":{"coordinates":[[[153.085947,-27.377335],[153.086557,-27.372178],[153.081798,-27.369143],[153.076428,-27.371264],[153.075817,-27.37642],[153.080577,-27.379456],[153.085947,-27.377335]]],"type":"Polygon"},"properties":{"hex_id":"88be8d113dfffff"},"type":"Feature"},{"geometry":{"coordinates":[[[153.086075,-27.549389],[153.086686,-27.544228],[153.081917,-27.541191],[153.076537,-27.543313],[153.075925,-27.548473],[153.080694,-27.551511],[153.086075,-27.549389]]],"type":"Polygon"},"properties":{"hex_id":"88be8d88bbfffff"},"type":"Feature"},{"geometry":{"coordinates":[[[153.086437,-27.416468],[153.087047,-27.411311],[153.082285,-27.408275],[153.076913,-27.410397],[153.076302,-27.415554],[153.081064,-27.41859],[153.086437,-27.416468]]],"type":"Polygon"},"properties":{"hex_id":"88be8d1151fffff"},"type":"Feature"},{"geometry":{"coordinates":[[[153.086565,-27.588551],[153.087177,-27.58339],[153.082406,-27.580352],[153.077023,-27.582474],[153.076411,-27.587635],[153.081182,-27.590673],[153.086565,-27.588551]]],"type":"Polygon"},"properties":{"hex_id":"88be8d8f2dfffff"},"type":"Feature"},{"geometry":{"coordinates":[[[153.086927,-27.455609],[153.087537,-27.450451],[153.082774,-27.447414],[153.077399,-27.449536],[153.076788,-27.454694],[153.081552,-27.45773],[153.086927,-27.455609]]],"type":"Polygon"},"properties":{"hex_id":"88be8d1313fffff"},"type":"Feature"},{"geometry":{"coordinates":[[[153.087056,-27.627719],[153.087668,-27.622558],[153.082895,-27.619519],[153.07751,-27.621642],[153.076898,-27.626803],[153.081671,-27.629842],[153.087056,-27.627719]]],"type":"Polygon"},"properties":{"hex_id":"88be8d8f41fffff"},"type":"Feature"},{"geometry":{"coordinates":[[[153.087287,-27.322742],[153.087897,-27.317586],[153.08314,-27.314552],[153.077774,-27.316672],[153.077163,-27.321828],[153.08192,-27.324862],[153.087287,-27.322742]]],"type":"Polygon"},"properties":{"hex_id":"88be8d1ae7fffff"},"type":"Feature"},{"geometry":{"coordinates":[[[153.087417,-27.494755],[153.088028,-27.489596],[153.083262,-27.48656],[153.077885,-27.488681],[153.077274,-27.49384],[153.08204,-27.496877],[153.087417,-27.494755]]],"type":"Polygon"},"properties":{"hex_id":"88be8d1205fffff"},"type":"Feature"},{"geometry":{"coordinates":[[[153.087777,-27.361866],[153.088387,-27.35671],[153.083628,-27.353675],[153.078259,-27.355796],[153.077649,-27.360952],[153.082408,-27.363987],[153.087777,-27.361866]]],"type":"Polygon"},"properties":{"hex_id":"88be8d1ac9fffff"},"type":"Feature"},{"geometry":{"coordinates":[[[153.087908,-27.533909],[153.088519,-27.528749],[153.083751,-27.525711],[153.078372,-27.527833],[153.07776,-27.532993],[153.082529,-27.536031],[153.087908,-27.533909]]],"type":"Polygon"},"properties":{"hex_id":"88be8d88b7fffff"},"type":"Feature"},{"geometry":{"coordinates":[[[153.088268,-27.400997],[153.088878,-27.39584],[153.084117,-27.392805],[153.078745,-27.394926],[153.078135,-27.400083],[153.082896,-27.403118],[153.088268,-27.400997]]],"type":"Polygon"},"properties":{"hex_id":"88be8d110bfffff"},"type":"Feature"},{"geometry":{"coordinates":[[[153.0884,-27.573068],[153.089011,-27.567908],[153.084241,-27.56487],[153.078859,-27.566992],[153.078247,-27.572153],[153.083017,-27.575191],[153.0884,-27.573068]]],"type":"Polygon"},"properties":{"hex_id":"88be8d8899fffff"},"type":"Feature"},{"geometry":{"coordinates":[[[153.088758,-27.440135],[153.089369,-27.434977],[153.084606,-27.431941],[153.079232,-27.434062],[153.078621,-27.43922],[153.083384,-27.442256],[153.088758,-27.440135]]],"type":"Polygon"},"properties":{"hex_id":"88be8d106dfffff"},"type":"Feature"},{"geometry":{"coordinates":[[[153.088891,-27.612234],[153.089503,-27.607073],[153.08473,-27.604034],[153.079346,-27.606157],[153.078734,-27.611318],[153.083507,-27.614357],[153.088891,-27.612234]]],"type":"Polygon"},"properties":{"hex_id":"88be8d8f6bfffff"},"type":"Feature"},{"geometry":{"coordinates":[[[153.089249,-27.479279],[153.08986,-27.47412],[153.085095,-27.471084],[153.079719,-27.473205],[153.079108,-27.478364],[153.083873,-27.481401],[153.089249,-27.479279]]],"type":"Polygon"},"properties":{"hex_id":"88be8d1221fffff"},"type":"Feature"},{"geometry":{"coordinates":[[[153.089607,-27.346398],[153.090216,-27.341242],[153.085458,-27.338208],[153.08009,-27.340329],[153.07948,-27.345484],[153.084238,-27.348519],[153.089607,-27.346398]]],"type":"Polygon"},"properties":{"hex_id":"88be8d1ac5fffff"},"type":"Feature"},{"geometry":{"coordinates":[[[153.089741,-27.518429],[153.090352,-27.51327],[153.085585,-27.510233],[153.080206,-27.512355],[153.079595,-27.517514],[153.084362,-27.520552],[153.089741,-27.518429]]],"type":"Polygon"},"properties":{"hex_id":"88be8d1243fffff"},"type":"Feature"},{"geometry":{"coordinates":[[[153.090098,-27.385527],[153.090708,-27.38037],[153.085947,-27.377335],[153.080577,-27.379456],[153.079966,-27.384612],[153.084727,-27.387648],[153.090098,-27.385527]]],"type":"Polygon"},"properties":{"hex_id":"88be8d1107fffff"},"type":"Feature"},{"geometry":{"coordinates":[[[153.090233,-27.557587],[153.090844,-27.552426],[153.086075,-27.549389],[153.080694,-27.551511],[153.080082,-27.556671],[153.084852,-27.559709],[153.090233,-27.557587]]],"type":"Polygon"},"properties":{"hex_id":"88be8d8895fffff"},"type":"Feature"},{"geometry":{"coordinates":[[[153.090589,-27.424662],[153.091199,-27.419504],[153.086437,-27.416468],[153.081064,-27.41859],[153.080454,-27.423747],[153.085216,-27.426783],[153.090589,-27.424662]]],"type":"Polygon"},"properties":{"hex_id":"88be8d1159fffff"},"type":"Feature"},{"geometry":{"coordinates":[[[153.090726,-27.59675],[153.091337,-27.591589],[153.086565,-27.588551],[153.081182,-27.590673],[153.08057,-27.595835],[153.085342,-27.598873],[153.090726,-27.59675]]],"type":"Polygon"},"properties":{"hex_id":"88be8d8f67fffff"},"type":"Feature"},{"geometry":{"coordinates":[[[153.091081,-27.463803],[153.091691,-27.458645],[153.086927,-27.455609],[153.081552,-27.45773],[153.080941,-27.462889],[153.085706,-27.465925],[153.091081,-27.463803]]],"type":"Polygon"},"properties":{"hex_id":"88be8d131bfffff"},"type":"Feature"},{"geometry":{"coordinates":[[[153.091435,-27.330931],[153.092045,-27.325776],[153.087287,-27.322742],[153.08192,-27.324862],[153.08131,-27.330018],[153.086068,-27.333052],[153.091435,-27.330931]]],"type":"Polygon"},"properties":{"hex_id":"88be8d1ae1fffff"},"type":"Feature"},{"geometry":{"coordinates":[[[153.091573,-27.502951],[153.092184,-27.497792],[153.087417,-27.494755],[153.08204,-27.496877],[153.081429,-27.502036],[153.086196,-27.505074],[153.091573,-27.502951]]],"type":"Polygon"},"properties":{"hex_id":"88be8d120dfffff"},"type":"Feature"},{"geometry":{"coordinates":[[[153.091927,-27.370057],[153.092537,-27.364901],[153.087777,-27.361866],[153.082408,-27.363987],[153.081798,-27.369143],[153.086557,-27.372178],[153.091927,-27.370057]]],"type":"Polygon"},"properties":{"hex_id":"88be8d1123fffff"},"type":"Feature"},{"geometry":{"coordinates":[[[153.092066,-27.542106],[153.092677,-27.536946],[153.087908,-27.533909],[153.082529,-27.536031],[153.081917,-27.541191],[153.086686,-27.544228],[153.092066,-27.542106]]],"type":"Polygon"},"properties":{"hex_id":"88be8d88b1fffff"},"type":"Feature"},{"geometry":{"coordinates":[[[153.092419,-27.40919],[153.093029,-27.404033],[153.088268,-27.400997],[153.082896,-27.403118],[153.082285,-27.408275],[153.087047,-27.411311],[153.092419,-27.40919]]],"type":"Polygon"},"properties":{"hex_id":"88be8d1155fffff"},"type":"Feature"},{"geometry":{"coordinates":[[[153.092559,-27.581267],[153.09317,-27.576106],[153.0884,-27.573068],[153.083017,-27.575191],[153.082406,-27.580352],[153.087177,-27.58339],[153.092559,-27.581267]]],"type":"Polygon"},"properties":{"hex_id":"88be8d88d3fffff"},"type":"Feature"},{"geometry":{"coordinates":[[[153.092912,-27.448329],[153.093522,-27.443171],[153.088758,-27.440135],[153.083384,-27.442256],[153.082774,-27.447414],[153.087537,-27.450451],[153.092912,-27.448329]]],"type":"Polygon"},"properties":{"hex_id":"88be8d1317fffff"},"type":"Feature"},{"geometry":{"coordinates":[[[153.093053,-27.620434],[153.093664,-27.615273],[153.088891,-27.612234],[153.083507,-27.614357],[153.082895,-27.619519],[153.087668,-27.622558],[153.093053,-27.620434]]],"type":"Polygon"},"properties":{"hex_id":"88be8d8f45fffff"},"type":"Feature"},{"geometry":{"coordinates":[[[153.093405,-27.487474],[153.094015,-27.482315],[153.089249,-27.479279],[153.083873,-27.481401],[153.083262,-27.48656],[153.088028,-27.489596],[153.093405,-27.487474]]],"type":"Polygon"},"properties":{"hex_id":"88be8d1229fffff"},"type":"Feature"},{"geometry":{"coordinates":[[[153.093756,-27.354589],[153.094365,-27.349433],[153.089607,-27.346398],[153.084238,-27.348519],[153.083628,-27.353675],[153.088387,-27.35671],[153.093756,-27.354589]]],"type":"Polygon"},"properties":{"hex_id":"88be8d1acdfffff"},"type":"Feature"},{"geometry":{"coordinates":[[[153.093898,-27.526626],[153.094509,-27.521467],[153.089741,-27.518429],[153.084362,-27.520552],[153.083751,-27.525711],[153.088519,-27.528749],[153.093898,-27.526626]]],"type":"Polygon"},"properties":{"hex_id":"88be8d124bfffff"},"type":"Feature"},{"geometry":{"coordinates":[[[153.094249,-27.393719],[153.094858,-27.388562],[153.090098,-27.385527],[153.084727,-27.387648],[153.084117,-27.392805],[153.088878,-27.39584],[153.094249,-27.393719]]],"type":"Polygon"},"properties":{"hex_id":"88be8d1101fffff"},"type":"Feature"},{"geometry":{"coordinates":[[[153.094392,-27.565785],[153.095003,-27.560624],[153.090233,-27.557587],[153.084852,-27.559709],[153.084241,-27.56487],[153.089011,-27.567908],[153.094392,-27.565785]]],"type":"Polygon"},"properties":{"hex_id":"88be8d889dfffff"},"type":"Feature"},{"geometry":{"coordinates":[[[153.094742,-27.432855],[153.095352,-27.427697],[153.090589,-27.424662],[153.085216,-27.426783],[153.084606,-27.431941],[153.089369,-27.434977],[153.094742,-27.432855]]],"type":"Polygon"},"properties":{"hex_id":"88be8d1333fffff"},"type":"Feature"},{"geometry":{"coordinates":[[[153.094887,-27.60495],[153.095498,-27.599788],[153.090726,-27.59675],[153.085342,-27.598873],[153.08473,-27.604034],[153.089503,-27.607073],[153.094887,-27.60495]]],"type":"Polygon"},"properties":{"hex_id":"88be8d8f61fffff"},"type":"Feature"},{"geometry":{"coordinates":[[[153.095236,-27.471998],[153.095846,-27.46684],[153.091081,-27.463803],[153.085706,-27.465925],[153.085095,-27.471084],[153.08986,-27.47412],[153.095236,-27.471998]]],"type":"Polygon"},"properties":{"hex_id":"88be8d1225fffff"},"type":"Feature"},{"geometry":{"coordinates":[[[153.095584,-27.339121],[153.096193,-27.333966],[153.091435,-27.330931],[153.086068,-27.333052],[153.085458,-27.338208],[153.090216,-27.341242],[153.095584,-27.339121]]],"type":"Polygon"},"properties":{"hex_id":"88be8d1ae9fffff"},"type":"Feature"},{"geometry":{"coordinates":[[[153.09573,-27.511147],[153.09634,-27.505988],[153.091573,-27.502951],[153.086196,-27.505074],[153.085585,-27.510233],[153.090352,-27.51327],[153.09573,-27.511147]]],"type":"Polygon"},"properties":{"hex_id":"88be8d1247fffff"},"type":"Feature"},{"geometry":{"coordinates":[[[153.096078,-27.378249],[153.096687,-27.373092],[153.091927,-27.370057],[153.086557,-27.372178],[153.085947,-27.377335],[153.090708,-27.38037],[153.096078,-27.378249]]],"type":"Polygon"},"properties":{"hex_id":"88be8d112bfffff"},"type":"Feature"},{"geometry":{"coordinates":[[[153.096225,-27.550303],[153.096835,-27.545143],[153.092066,-27.542106],[153.086686,-27.544228],[153.086075,-27.549389],[153.090844,-27.552426],[153.096225,-27.550303]]],"type":"Polygon"},"properties":{"hex_id":"88be8d88b9fffff"},"type":"Feature"},{"geometry":{"coordinates":[[[153.096572,-27.417382],[153.097181,-27.412225],[153.092419,-27.40919],[153.087047,-27.411311],[153.086437,-27.416468],[153.091199,-27.419504],[153.096572,-27.417382]]],"type":"Polygon"},"properties":{"hex_id":"88be8d115dfffff"},"type":"Feature"},{"geometry":{"coordinates":[[[153.09672,-27.589466],[153.097331,-27.584305],[153.092559,-27.581267],[153.087177,-27.58339],[153.086565,-27.588551],[153.091337,-27.591589],[153.09672,-27.589466]]],"type":"Polygon"},"properties":{"hex_id":"88be8d88dbfffff"},"type":"Feature"},{"geometry":{"coordinates":[[[153.097066,-27.456523],[153.097676,-27.451365],[153.092912,-27.448329],[153.087537,-27.450451],[153.086927,-27.455609],[153.091691,-27.458645],[153.097066,-27.456523]]],"type":"Polygon"},"properties":{"hex_id":"88be8d1311fffff"},"type":"Feature"},{"geometry":{"coordinates":[[[153.097215,-27.628635],[153.097826,-27.623473],[153.093053,-27.620434],[153.087668,-27.622558],[153.087056,-27.627719],[153.09183,-27.630758],[153.097215,-27.628635]]],"type":"Polygon"},"properties":{"hex_id":"88be8d8f4dfffff"},"type":"Feature"},{"geometry":{"coordinates":[[[153.097561,-27.49567],[153.098171,-27.490511],[153.093405,-27.487474],[153.088028,-27.489596],[153.087417,-27.494755],[153.092184,-27.497792],[153.097561,-27.49567]]],"type":"Polygon"},"properties":{"hex_id":"88be8d1263fffff"},"type":"Feature"},{"geometry":{"coordinates":[[[153.097906,-27.36278],[153.098515,-27.357623],[153.093756,-27.354589],[153.088387,-27.35671],[153.087777,-27.361866],[153.092537,-27.364901],[153.097906,-27.36278]]],"type":"Polygon"},"properties":{"hex_id":"88be8d1127fffff"},"type":"Feature"},{"geometry":{"coordinates":[[[153.098056,-27.534823],[153.098667,-27.529663],[153.093898,-27.526626],[153.088519,-27.528749],[153.087908,-27.533909],[153.092677,-27.536946],[153.098056,-27.534823]]],"type":"Polygon"},"properties":{"hex_id":"88be8d88b5fffff"},"type":"Feature"},{"geometry":{"coordinates":[[[153.098401,-27.401911],[153.09901,-27.396754],[153.094249,-27.393719],[153.088878,-27.39584],[153.088268,-27.400997],[153.093029,-27.404033],[153.098401,-27.401911]]],"type":"Polygon"},"properties":{"hex_id":"88be8d1109fffff"},"type":"Feature"},{"geometry":{"coordinates":[[[153.098552,-27.573983],[153.099163,-27.568822],[153.094392,-27.565785],[153.089011,-27.567908],[153.0884,-27.573068],[153.09317,-27.576106],[153.098552,-27.573983]]],"type":"Polygon"},"properties":{"hex_id":"88be8d88d7fffff"},"type":"Feature"},{"geometry":{"coordinates":[[[153.098896,-27.441049],[153.099506,-27.435891],[153.094742,-27.432855],[153.089369,-27.434977],[153.088758,-27.440135],[153.093522,-27.443171],[153.098896,-27.441049]]],"type":"Polygon"},"properties":{"hex_id":"88be8d133bfffff"},"type":"Feature"},{"geometry":{"coordinates":[[[153.099048,-27.613149],[153.099659,-27.607988],[153.094887,-27.60495],[153.089503,-27.607073],[153.088891,-27.612234],[153.093664,-27.615273],[153.099048,-27.613149]]],"type":"Polygon"},"properties":{"hex_id":"88be8d8f69fffff"},"type":"Feature"},{"geometry":{"coordinates":[[[153.099391,-27.480193],[153.100001,-27.475034],[153.095236,-27.471998],[153.08986,-27.47412],[153.089249,-27.479279],[153.094015,-27.482315],[153.099391,-27.480193]]],"type":"Polygon"},"properties":{"hex_id":"88be8d122dfffff"},"type":"Feature"},{"geometry":{"coordinates":[[[153.099734,-27.347311],[153.100343,-27.342156],[153.095584,-27.339121],[153.090216,-27.341242],[153.089607,-27.346398],[153.094365,-27.349433],[153.099734,-27.347311]]],"type":"Polygon"},"properties":{"hex_id":"88be8d1a13fffff"},"type":"Feature"},{"geometry":{"coordinates":[[[153.099888,-27.519344],[153.100498,-27.514184],[153.09573,-27.511147],[153.090352,-27.51327],[153.089741,-27.518429],[153.094509,-27.521467],[153.099888,-27.519344]]],"type":"Polygon"},"properties":{"hex_id":"88be8d1241fffff"},"type":"Feature"},{"geometry":{"coordinates":[[[153.100229,-27.38644],[153.100838,-27.381283],[153.096078,-27.378249],[153.090708,-27.38037],[153.090098,-27.385527],[153.094858,-27.388562],[153.100229,-27.38644]]],"type":"Polygon"},"properties":{"hex_id":"88be8d1105fffff"},"type":"Feature"},{"geometry":{"coordinates":[[[153.100384,-27.558501],[153.100994,-27.553341],[153.096225,-27.550303],[153.090844,-27.552426],[153.090233,-27.557587],[153.095003,-27.560624],[153.100384,-27.558501]]],"type":"Polygon"},"properties":{"hex_id":"88be8d8883fffff"},"type":"Feature"},{"geometry":{"coordinates":[[[153.100725,-27.425575],[153.101334,-27.420418],[153.096572,-27.417382],[153.091199,-27.419504],[153.090589,-27.424662],[153.095352,-27.427697],[153.100725,-27.425575]]],"type":"Polygon"},"properties":{"hex_id":"88be8d1337fffff"},"type":"Feature"},{"geometry":{"coordinates":[[[153.100881,-27.597665],[153.101492,-27.592504],[153.09672,-27.589466],[153.091337,-27.591589],[153.090726,-27.59675],[153.095498,-27.599788],[153.100881,-27.597665]]],"type":"Polygon"},"properties":{"hex_id":"88be8d8f65fffff"},"type":"Feature"},{"geometry":{"coordinates":[[[153.101221,-27.464717],[153.101831,-27.459559],[153.097066,-27.456523],[153.091691,-27.458645],[153.091081,-27.463803],[153.095846,-27.46684],[153.101221,-27.464717]]],"type":"Polygon"},"properties":{"hex_id":"88be8d1319fffff"},"type":"Feature"},{"geometry":{"coordinates":[[[153.101718,-27.503865],[153.102328,-27.498706],[153.097561,-27.49567],[153.092184,-27.497792],[153.091573,-27.502951],[153.09634,-27.505988],[153.101718,-27.503865]]],"type":"Polygon"},"properties":{"hex_id":"88be8d126bfffff"},"type":"Feature"},{"geometry":{"coordinates":[[[153.102057,-27.37097],[153.102666,-27.365814],[153.097906,-27.36278],[153.092537,-27.364901],[153.091927,-27.370057],[153.096687,-27.373092],[153.102057,-27.37097]]],"type":"Polygon"},"properties":{"hex_id":"88be8d1121fffff"},"type":"Feature"},{"geometry":{"coordinates":[[[153.102215,-27.54302],[153.102825,-27.53786],[153.098056,-27.534823],[153.092677,-27.536946],[153.092066,-27.542106],[153.096835,-27.545143],[153.102215,-27.54302]]],"type":"Polygon"},"properties":{"hex_id":"88be8d88bdfffff"},"type":"Feature"},{"geometry":{"coordinates":[[[153.102553,-27.410103],[153.103163,-27.404946],[153.098401,-27.401911],[153.093029,-27.404033],[153.092419,-27.40919],[153.097181,-27.412225],[153.102553,-27.410103]]],"type":"Polygon"},"properties":{"hex_id":"88be8d1143fffff"},"type":"Feature"},{"geometry":{"coordinates":[[[153.102713,-27.582181],[153.103323,-27.577021],[153.098552,-27.573983],[153.09317,-27.576106],[153.092559,-27.581267],[153.097331,-27.584305],[153.102713,-27.582181]]],"type":"Polygon"},"properties":{"hex_id":"88be8d88d1fffff"},"type":"Feature"},{"geometry":{"coordinates":[[[153.103548,-27.488388],[153.104158,-27.483229],[153.099391,-27.480193],[153.094015,-27.482315],[153.093405,-27.487474],[153.098171,-27.490511],[153.103548,-27.488388]]],"type":"Polygon"},"properties":{"hex_id":"88be8d1267fffff"},"type":"Feature"},{"geometry":{"coordinates":[[[153.103884,-27.355502],[153.104493,-27.350346],[153.099734,-27.347311],[153.094365,-27.349433],[153.093756,-27.354589],[153.098515,-27.357623],[153.103884,-27.355502]]],"type":"Polygon"},"properties":{"hex_id":"88be8d1a1bfffff"},"type":"Feature"},{"geometry":{"coordinates":[[[153.104046,-27.52754],[153.104656,-27.522381],[153.099888,-27.519344],[153.094509,-27.521467],[153.093898,-27.526626],[153.098667,-27.529663],[153.104046,-27.52754]]],"type":"Polygon"},"properties":{"hex_id":"88be8d1249fffff"},"type":"Feature"},{"geometry":{"coordinates":[[[153.104381,-27.394632],[153.10499,-27.389475],[153.100229,-27.38644],[153.094858,-27.388562],[153.094249,-27.393719],[153.09901,-27.396754],[153.104381,-27.394632]]],"type":"Polygon"},"properties":{"hex_id":"88be8d110dfffff"},"type":"Feature"},{"geometry":{"coordinates":[[[153.104544,-27.566699],[153.105154,-27.561538],[153.100384,-27.558501],[153.095003,-27.560624],[153.094392,-27.565785],[153.099163,-27.568822],[153.104544,-27.566699]]],"type":"Polygon"},"properties":{"hex_id":"88be8d888bfffff"},"type":"Feature"},{"geometry":{"coordinates":[[[153.104879,-27.433769],[153.105488,-27.428611],[153.100725,-27.425575],[153.095352,-27.427697],[153.094742,-27.432855],[153.099506,-27.435891],[153.104879,-27.433769]]],"type":"Polygon"},"properties":{"hex_id":"88be8d1331fffff"},"type":"Feature"},{"geometry":{"coordinates":[[[153.105043,-27.605864],[153.105654,-27.600703],[153.100881,-27.597665],[153.095498,-27.599788],[153.094887,-27.60495],[153.099659,-27.607988],[153.105043,-27.605864]]],"type":"Polygon"},"properties":{"hex_id":"88be8d8f6dfffff"},"type":"Feature"},{"geometry":{"coordinates":[[[153.105377,-27.472912],[153.105987,-27.467753],[153.101221,-27.464717],[153.095846,-27.46684],[153.095236,-27.471998],[153.100001,-27.475034],[153.105377,-27.472912]]],"type":"Polygon"},"properties":{"hex_id":"88be8d1353fffff"},"type":"Feature"},{"geometry":{"coordinates":[[[153.105876,-27.512061],[153.106486,-27.506902],[153.101718,-27.503865],[153.09634,-27.505988],[153.09573,-27.511147],[153.100498,-27.514184],[153.105876,-27.512061]]],"type":"Polygon"},"properties":{"hex_id":"88be8d1245fffff"},"type":"Feature"},{"geometry":{"coordinates":[[[153.106208,-27.379162],[153.106817,-27.374005],[153.102057,-27.37097],[153.096687,-27.373092],[153.096078,-27.378249],[153.100838,-27.381283],[153.106208,-27.379162]]],"type":"Polygon"},"properties":{"hex_id":"88be8d1129fffff"},"type":"Feature"},{"geometry":{"coordinates":[[[153.106375,-27.551218],[153.106985,-27.546057],[153.102215,-27.54302],[153.096835,-27.545143],[153.096225,-27.550303],[153.100994,-27.553341],[153.106375,-27.551218]]],"type":"Polygon"},"properties":{"hex_id":"88be8d8887fffff"},"type":"Feature"},{"geometry":{"coordinates":[[[153.106707,-27.418296],[153.107316,-27.413138],[153.102553,-27.410103],[153.097181,-27.412225],[153.096572,-27.417382],[153.101334,-27.420418],[153.106707,-27.418296]]],"type":"Polygon"},"properties":{"hex_id":"88be8d114bfffff"},"type":"Feature"},{"geometry":{"coordinates":[[[153.106874,-27.59038],[153.107485,-27.585219],[153.102713,-27.582181],[153.097331,-27.584305],[153.09672,-27.589466],[153.101492,-27.592504],[153.106874,-27.59038]]],"type":"Polygon"},"properties":{"hex_id":"88be8d88d9fffff"},"type":"Feature"},{"geometry":{"coordinates":[[[153.107206,-27.457436],[153.107815,-27.452278],[153.10305,-27.449242],[153.097676,-27.451365],[153.097066,-27.456523],[153.101831,-27.459559],[153.107206,-27.457436]]],"type":"Polygon"},"properties":{"hex_id":"88be8d131dfffff"},"type":"Feature"},{"geometry":{"coordinates":[[[153.107705,-27.496583],[153.108315,-27.491424],[153.103548,-27.488388],[153.098171,-27.490511],[153.097561,-27.49567],[153.102328,-27.498706],[153.107705,-27.496583]]],"type":"Polygon"},"properties":{"hex_id":"88be8d1261fffff"},"type":"Feature"},{"geometry":{"coordinates":[[[153.108035,-27.363692],[153.108644,-27.358536],[153.103884,-27.355502],[153.098515,-27.357623],[153.097906,-27.36278],[153.102666,-27.365814],[153.108035,-27.363692]]],"type":"Polygon"},"properties":{"hex_id":"88be8d1125fffff"},"type":"Feature"},{"geometry":{"coordinates":[[[153.108205,-27.535737],[153.108815,-27.530577],[153.104046,-27.52754],[153.098667,-27.529663],[153.098056,-27.534823],[153.102825,-27.53786],[153.108205,-27.535737]]],"type":"Polygon"},"properties":{"hex_id":"88be8d88a3fffff"},"type":"Feature"},{"geometry":{"coordinates":[[[153.108534,-27.402824],[153.109143,-27.397667],[153.104381,-27.394632],[153.09901,-27.396754],[153.098401,-27.401911],[153.103163,-27.404946],[153.108534,-27.402824]]],"type":"Polygon"},"properties":{"hex_id":"88be8d1147fffff"},"type":"Feature"},{"geometry":{"coordinates":[[[153.108705,-27.574897],[153.109315,-27.569736],[153.104544,-27.566699],[153.099163,-27.568822],[153.098552,-27.573983],[153.103323,-27.577021],[153.108705,-27.574897]]],"type":"Polygon"},"properties":{"hex_id":"88be8d88d5fffff"},"type":"Feature"},{"geometry":{"coordinates":[[[153.109034,-27.441962],[153.109643,-27.436804],[153.104879,-27.433769],[153.099506,-27.435891],[153.098896,-27.441049],[153.10366,-27.444084],[153.109034,-27.441962]]],"type":"Polygon"},"properties":{"hex_id":"88be8d1339fffff"},"type":"Feature"},{"geometry":{"coordinates":[[[153.109534,-27.481106],[153.110143,-27.475948],[153.105377,-27.472912],[153.100001,-27.475034],[153.099391,-27.480193],[153.104158,-27.483229],[153.109534,-27.481106]]],"type":"Polygon"},"properties":{"hex_id":"88be8d135bfffff"},"type":"Feature"},{"geometry":{"coordinates":[[[153.109861,-27.348224],[153.110469,-27.343068],[153.10571,-27.340034],[153.100343,-27.342156],[153.099734,-27.347311],[153.104493,-27.350346],[153.109861,-27.348224]]],"type":"Polygon"},"properties":{"hex_id":"88be8d1a11fffff"},"type":"Feature"},{"geometry":{"coordinates":[[[153.110034,-27.520257],[153.110644,-27.515098],[153.105876,-27.512061],[153.100498,-27.514184],[153.099888,-27.519344],[153.104656,-27.522381],[153.110034,-27.520257]]],"type":"Polygon"},"properties":{"hex_id":"88be8d124dfffff"},"type":"Feature"},{"geometry":{"coordinates":[[[153.110361,-27.387353],[153.110969,-27.382196],[153.106208,-27.379162],[153.100838,-27.381283],[153.100229,-27.38644],[153.10499,-27.389475],[153.110361,-27.387353]]],"type":"Polygon"},"properties":{"hex_id":"88be8d1163fffff"},"type":"Feature"},{"geometry":{"coordinates":[[[153.110535,-27.559415],[153.111145,-27.554254],[153.106375,-27.551218],[153.100994,-27.553341],[153.100384,-27.558501],[153.105154,-27.561538],[153.110535,-27.559415]]],"type":"Polygon"},"properties":{"hex_id":"88be8d8881fffff"},"type":"Feature"},{"geometry":{"coordinates":[[[153.110861,-27.426488],[153.11147,-27.421331],[153.106707,-27.418296],[153.101334,-27.420418],[153.100725,-27.425575],[153.105488,-27.428611],[153.110861,-27.426488]]],"type":"Polygon"},"properties":{"hex_id":"88be8d1335fffff"},"type":"Feature"},{"geometry":{"coordinates":[[[153.111037,-27.598579],[153.111647,-27.593418],[153.106874,-27.59038],[153.101492,-27.592504],[153.100881,-27.597665],[153.105654,-27.600703],[153.111037,-27.598579]]],"type":"Polygon"},"properties":{"hex_id":"88be8d8ab3fffff"},"type":"Feature"},{"geometry":{"coordinates":[[[153.111362,-27.46563],[153.111971,-27.460472],[153.107206,-27.457436],[153.101831,-27.459559],[153.101221,-27.464717],[153.105987,-27.467753],[153.111362,-27.46563]]],"type":"Polygon"},"properties":{"hex_id":"88be8d1357fffff"},"type":"Feature"},{"geometry":{"coordinates":[[[153.111863,-27.504779],[153.112472,-27.49962],[153.107705,-27.496583],[153.102328,-27.498706],[153.101718,-27.503865],[153.106486,-27.506902],[153.111863,-27.504779]]],"type":"Polygon"},"properties":{"hex_id":"88be8d1269fffff"},"type":"Feature"},{"geometry":{"coordinates":[[[153.112187,-27.371883],[153.112795,-27.366727],[153.108035,-27.363692],[153.102666,-27.365814],[153.102057,-27.37097],[153.106817,-27.374005],[153.112187,-27.371883]]],"type":"Polygon"},"properties":{"hex_id":"88be8d112dfffff"},"type":"Feature"},{"geometry":{"coordinates":[[[153.112365,-27.543934],[153.112974,-27.538774],[153.108205,-27.535737],[153.102825,-27.53786],[153.102215,-27.54302],[153.106985,-27.546057],[153.112365,-27.543934]]],"type":"Polygon"},"properties":{"hex_id":"88be8d88abfffff"},"type":"Feature"},{"geometry":{"coordinates":[[[153.112688,-27.411016],[153.113296,-27.405859],[153.108534,-27.402824],[153.103163,-27.404946],[153.102553,-27.410103],[153.107316,-27.413138],[153.112688,-27.411016]]],"type":"Polygon"},"properties":{"hex_id":"88be8d1141fffff"},"type":"Feature"},{"geometry":{"coordinates":[[[153.112867,-27.583095],[153.113477,-27.577934],[153.108705,-27.574897],[153.103323,-27.577021],[153.102713,-27.582181],[153.107485,-27.585219],[153.112867,-27.583095]]],"type":"Polygon"},"properties":{"hex_id":"88be8d88ddfffff"},"type":"Feature"},{"geometry":{"coordinates":[[[153.113189,-27.450155],[153.113798,-27.444997],[153.109034,-27.441962],[153.10366,-27.444084],[153.10305,-27.449242],[153.107815,-27.452278],[153.113189,-27.450155]]],"type":"Polygon"},"properties":{"hex_id":"88be8d1303fffff"},"type":"Feature"},{"geometry":{"coordinates":[[[153.113691,-27.489301],[153.1143,-27.484142],[153.109534,-27.481106],[153.104158,-27.483229],[153.103548,-27.488388],[153.108315,-27.491424],[153.113691,-27.489301]]],"type":"Polygon"},"properties":{"hex_id":"88be8d1265fffff"},"type":"Feature"},{"geometry":{"coordinates":[[[153.114012,-27.356414],[153.11462,-27.351258],[153.109861,-27.348224],[153.104493,-27.350346],[153.103884,-27.355502],[153.108644,-27.358536],[153.114012,-27.356414]]],"type":"Polygon"},"properties":{"hex_id":"88be8d1a19fffff"},"type":"Feature"},{"geometry":{"coordinates":[[[153.114194,-27.528454],[153.114803,-27.523294],[153.110034,-27.520257],[153.104656,-27.522381],[153.104046,-27.52754],[153.108815,-27.530577],[153.114194,-27.528454]]],"type":"Polygon"},"properties":{"hex_id":"88be8d88a7fffff"},"type":"Feature"},{"geometry":{"coordinates":[[[153.114514,-27.395544],[153.115122,-27.390387],[153.110361,-27.387353],[153.10499,-27.389475],[153.104381,-27.394632],[153.109143,-27.397667],[153.114514,-27.395544]]],"type":"Polygon"},"properties":{"hex_id":"88be8d116bfffff"},"type":"Feature"},{"geometry":{"coordinates":[[[153.114696,-27.567613],[153.115306,-27.562452],[153.110535,-27.559415],[153.105154,-27.561538],[153.104544,-27.566699],[153.109315,-27.569736],[153.114696,-27.567613]]],"type":"Polygon"},"properties":{"hex_id":"88be8d8889fffff"},"type":"Feature"},{"geometry":{"coordinates":[[[153.115016,-27.434681],[153.115625,-27.429523],[153.110861,-27.426488],[153.105488,-27.428611],[153.104879,-27.433769],[153.109643,-27.436804],[153.115016,-27.434681]]],"type":"Polygon"},"properties":{"hex_id":"88be8d133dfffff"},"type":"Feature"},{"geometry":{"coordinates":[[[153.115519,-27.473825],[153.116128,-27.468666],[153.111362,-27.46563],[153.105987,-27.467753],[153.105377,-27.472912],[153.110143,-27.475948],[153.115519,-27.473825]]],"type":"Polygon"},"properties":{"hex_id":"88be8d1351fffff"},"type":"Feature"},{"geometry":{"coordinates":[[[153.116022,-27.512975],[153.116631,-27.507815],[153.111863,-27.504779],[153.106486,-27.506902],[153.105876,-27.512061],[153.110644,-27.515098],[153.116022,-27.512975]]],"type":"Polygon"},"properties":{"hex_id":"88be8d8993fffff"},"type":"Feature"},{"geometry":{"coordinates":[[[153.116339,-27.380074],[153.116948,-27.374917],[153.112187,-27.371883],[153.106817,-27.374005],[153.106208,-27.379162],[153.110969,-27.382196],[153.116339,-27.380074]]],"type":"Polygon"},"properties":{"hex_id":"88be8d1167fffff"},"type":"Feature"},{"geometry":{"coordinates":[[[153.116525,-27.552131],[153.117135,-27.546971],[153.112365,-27.543934],[153.106985,-27.546057],[153.106375,-27.551218],[153.111145,-27.554254],[153.116525,-27.552131]]],"type":"Polygon"},"properties":{"hex_id":"88be8d8885fffff"},"type":"Feature"},{"geometry":{"coordinates":[[[153.116842,-27.419208],[153.117451,-27.414051],[153.112688,-27.411016],[153.107316,-27.413138],[153.106707,-27.418296],[153.11147,-27.421331],[153.116842,-27.419208]]],"type":"Polygon"},"properties":{"hex_id":"88be8d1149fffff"},"type":"Feature"},{"geometry":{"coordinates":[[[153.117029,-27.591294],[153.117639,-27.586132],[153.112867,-27.583095],[153.107485,-27.585219],[153.106874,-27.59038],[153.111647,-27.593418],[153.117029,-27.591294]]],"type":"Polygon"},"properties":{"hex_id":"88be8d8ab7fffff"},"type":"Feature"},{"geometry":{"coordinates":[[[153.117346,-27.458349],[153.117954,-27.453191],[153.113189,-27.450155],[153.107815,-27.452278],[153.107206,-27.457436],[153.111971,-27.460472],[153.117346,-27.458349]]],"type":"Polygon"},"properties":{"hex_id":"88be8d130bfffff"},"type":"Feature"},{"geometry":{"coordinates":[[[153.117849,-27.497496],[153.118458,-27.492337],[153.113691,-27.489301],[153.108315,-27.491424],[153.107705,-27.496583],[153.112472,-27.49962],[153.117849,-27.497496]]],"type":"Polygon"},"properties":{"hex_id":"88be8d126dfffff"},"type":"Feature"},{"geometry":{"coordinates":[[[153.118164,-27.364604],[153.118772,-27.359448],[153.114012,-27.356414],[153.108644,-27.358536],[153.108035,-27.363692],[153.112795,-27.366727],[153.118164,-27.364604]]],"type":"Polygon"},"properties":{"hex_id":"88be8d1a53fffff"},"type":"Feature"},{"geometry":{"coordinates":[[[153.118354,-27.53665],[153.118963,-27.53149],[153.114194,-27.528454],[153.108815,-27.530577],[153.108205,-27.535737],[153.112974,-27.538774],[153.118354,-27.53665]]],"type":"Polygon"},"properties":{"hex_id":"88be8d88a1fffff"},"type":"Feature"},{"geometry":{"coordinates":[[[153.118668,-27.403736],[153.119276,-27.398579],[153.114514,-27.395544],[153.109143,-27.397667],[153.108534,-27.402824],[153.113296,-27.405859],[153.118668,-27.403736]]],"type":"Polygon"},"properties":{"hex_id":"88be8d1145fffff"},"type":"Feature"},{"geometry":{"coordinates":[[[153.118858,-27.57581],[153.119468,-27.57065],[153.114696,-27.567613],[153.109315,-27.569736],[153.108705,-27.574897],[153.113477,-27.577934],[153.118858,-27.57581]]],"type":"Polygon"},"properties":{"hex_id":"88be8d88c3fffff"},"type":"Feature"},{"geometry":{"coordinates":[[[153.119676,-27.482019],[153.120285,-27.47686],[153.115519,-27.473825],[153.110143,-27.475948],[153.109534,-27.481106],[153.1143,-27.484142],[153.119676,-27.482019]]],"type":"Polygon"},"properties":{"hex_id":"88be8d1359fffff"},"type":"Feature"},{"geometry":{"coordinates":[[[153.120181,-27.52117],[153.12079,-27.516011],[153.116022,-27.512975],[153.110644,-27.515098],[153.110034,-27.520257],[153.114803,-27.523294],[153.120181,-27.52117]]],"type":"Polygon"},"properties":{"hex_id":"88be8d899bfffff"},"type":"Feature"},{"geometry":{"coordinates":[[[153.120493,-27.388265],[153.121101,-27.383108],[153.116339,-27.380074],[153.110969,-27.382196],[153.110361,-27.387353],[153.115122,-27.390387],[153.120493,-27.388265]]],"type":"Polygon"},"properties":{"hex_id":"88be8d1161fffff"},"type":"Feature"},{"geometry":{"coordinates":[[[153.120687,-27.560328],[153.121296,-27.555168],[153.116525,-27.552131],[153.111145,-27.554254],[153.110535,-27.559415],[153.115306,-27.562452],[153.120687,-27.560328]]],"type":"Polygon"},"properties":{"hex_id":"88be8d888dfffff"},"type":"Feature"},{"geometry":{"coordinates":[[[153.120997,-27.427401],[153.121606,-27.422243],[153.116842,-27.419208],[153.11147,-27.421331],[153.110861,-27.426488],[153.115625,-27.429523],[153.120997,-27.427401]]],"type":"Polygon"},"properties":{"hex_id":"88be8d1323fffff"},"type":"Feature"},{"geometry":{"coordinates":[[[153.121192,-27.599492],[153.121802,-27.594331],[153.117029,-27.591294],[153.111647,-27.593418],[153.111037,-27.598579],[153.11581,-27.601616],[153.121192,-27.599492]]],"type":"Polygon"},"properties":{"hex_id":"88be8d8ab1fffff"},"type":"Feature"},{"geometry":{"coordinates":[[[153.121503,-27.466543],[153.122111,-27.461384],[153.117346,-27.458349],[153.111971,-27.460472],[153.111362,-27.46563],[153.116128,-27.468666],[153.121503,-27.466543]]],"type":"Polygon"},"properties":{"hex_id":"88be8d1355fffff"},"type":"Feature"},{"geometry":{"coordinates":[[[153.122008,-27.505692],[153.122617,-27.500532],[153.117849,-27.497496],[153.112472,-27.49962],[153.111863,-27.504779],[153.116631,-27.507815],[153.122008,-27.505692]]],"type":"Polygon"},"properties":{"hex_id":"88be8d8997fffff"},"type":"Feature"},{"geometry":{"coordinates":[[[153.122317,-27.372795],[153.122925,-27.367638],[153.118164,-27.364604],[153.112795,-27.366727],[153.112187,-27.371883],[153.116948,-27.374917],[153.122317,-27.372795]]],"type":"Polygon"},"properties":{"hex_id":"88be8d1a5bfffff"},"type":"Feature"},{"geometry":{"coordinates":[[[153.122514,-27.544847],[153.123123,-27.539687],[153.118354,-27.53665],[153.112974,-27.538774],[153.112365,-27.543934],[153.117135,-27.546971],[153.122514,-27.544847]]],"type":"Polygon"},"properties":{"hex_id":"88be8d88a9fffff"},"type":"Feature"},{"geometry":{"coordinates":[[[153.122822,-27.411928],[153.123431,-27.406771],[153.118668,-27.403736],[153.113296,-27.405859],[153.112688,-27.411016],[153.117451,-27.414051],[153.122822,-27.411928]]],"type":"Polygon"},"properties":{"hex_id":"88be8d114dfffff"},"type":"Feature"},{"geometry":{"coordinates":[[[153.123021,-27.584008],[153.12363,-27.578847],[153.118858,-27.57581],[153.113477,-27.577934],[153.112867,-27.583095],[153.117639,-27.586132],[153.123021,-27.584008]]],"type":"Polygon"},"properties":{"hex_id":"88be8d88cbfffff"},"type":"Feature"},{"geometry":{"coordinates":[[[153.123328,-27.451068],[153.123937,-27.445909],[153.119172,-27.442874],[153.113798,-27.444997],[153.113189,-27.450155],[153.117954,-27.453191],[153.123328,-27.451068]]],"type":"Polygon"},"properties":{"hex_id":"88be8d1301fffff"},"type":"Feature"},{"geometry":{"coordinates":[[[153.123835,-27.490214],[153.124443,-27.485055],[153.119676,-27.482019],[153.1143,-27.484142],[153.113691,-27.489301],[153.118458,-27.492337],[153.123835,-27.490214]]],"type":"Polygon"},"properties":{"hex_id":"88be8d89b3fffff"},"type":"Feature"},{"geometry":{"coordinates":[[[153.12414,-27.357326],[153.124748,-27.35217],[153.119988,-27.349136],[153.11462,-27.351258],[153.114012,-27.356414],[153.118772,-27.359448],[153.12414,-27.357326]]],"type":"Polygon"},"properties":{"hex_id":"88be8d1a57fffff"},"type":"Feature"},{"geometry":{"coordinates":[[[153.124341,-27.529366],[153.12495,-27.524206],[153.120181,-27.52117],[153.114803,-27.523294],[153.114194,-27.528454],[153.118963,-27.53149],[153.124341,-27.529366]]],"type":"Polygon"},"properties":{"hex_id":"88be8d88a5fffff"},"type":"Feature"},{"geometry":{"coordinates":[[[153.124647,-27.396456],[153.125255,-27.391299],[153.120493,-27.388265],[153.115122,-27.390387],[153.114514,-27.395544],[153.119276,-27.398579],[153.124647,-27.396456]]],"type":"Polygon"},"properties":{"hex_id":"88be8d1169fffff"},"type":"Feature"},{"geometry":{"coordinates":[[[153.124849,-27.568525],[153.125458,-27.563365],[153.120687,-27.560328],[153.115306,-27.562452],[153.114696,-27.567613],[153.119468,-27.57065],[153.124849,-27.568525]]],"type":"Polygon"},"properties":{"hex_id":"88be8d88c7fffff"},"type":"Feature"},{"geometry":{"coordinates":[[[153.12566,-27.474737],[153.126269,-27.469578],[153.121503,-27.466543],[153.116128,-27.468666],[153.115519,-27.473825],[153.120285,-27.47686],[153.12566,-27.474737]]],"type":"Polygon"},"properties":{"hex_id":"88be8d135dfffff"},"type":"Feature"},{"geometry":{"coordinates":[[[153.126168,-27.513887],[153.126777,-27.508727],[153.122008,-27.505692],[153.116631,-27.507815],[153.116022,-27.512975],[153.12079,-27.516011],[153.126168,-27.513887]]],"type":"Polygon"},"properties":{"hex_id":"88be8d8991fffff"},"type":"Feature"},{"geometry":{"coordinates":[[[153.12647,-27.380985],[153.127078,-27.375829],[153.122317,-27.372795],[153.116948,-27.374917],[153.116339,-27.380074],[153.121101,-27.383108],[153.12647,-27.380985]]],"type":"Polygon"},"properties":{"hex_id":"88be8d1165fffff"},"type":"Feature"},{"geometry":{"coordinates":[[[153.126676,-27.553044],[153.127285,-27.547883],[153.122514,-27.544847],[153.117135,-27.546971],[153.116525,-27.552131],[153.121296,-27.555168],[153.126676,-27.553044]]],"type":"Polygon"},"properties":{"hex_id":"88be8d88e3fffff"},"type":"Feature"},{"geometry":{"coordinates":[[[153.126978,-27.42012],[153.127586,-27.414962],[153.122822,-27.411928],[153.117451,-27.414051],[153.116842,-27.419208],[153.121606,-27.422243],[153.126978,-27.42012]]],"type":"Polygon"},"properties":{"hex_id":"88be8d1327fffff"},"type":"Feature"},{"geometry":{"coordinates":[[[153.127184,-27.592207],[153.127794,-27.587045],[153.123021,-27.584008],[153.117639,-27.586132],[153.117029,-27.591294],[153.121802,-27.594331],[153.127184,-27.592207]]],"type":"Polygon"},"properties":{"hex_id":"88be8d8ab5fffff"},"type":"Feature"},{"geometry":{"coordinates":[[[153.127486,-27.459261],[153.128094,-27.454103],[153.123328,-27.451068],[153.117954,-27.453191],[153.117346,-27.458349],[153.122111,-27.461384],[153.127486,-27.459261]]],"type":"Polygon"},"properties":{"hex_id":"88be8d1309fffff"},"type":"Feature"},{"geometry":{"coordinates":[[[153.127994,-27.498409],[153.128602,-27.493249],[153.123835,-27.490214],[153.118458,-27.492337],[153.117849,-27.497496],[153.122617,-27.500532],[153.127994,-27.498409]]],"type":"Polygon"},"properties":{"hex_id":"88be8d89bbfffff"},"type":"Feature"},{"geometry":{"coordinates":[[[153.128503,-27.537563],[153.129111,-27.532402],[153.124341,-27.529366],[153.118963,-27.53149],[153.118354,-27.53665],[153.123123,-27.539687],[153.128503,-27.537563]]],"type":"Polygon"},"properties":{"hex_id":"88be8d88adfffff"},"type":"Feature"},{"geometry":{"coordinates":[[[153.128802,-27.404648],[153.129409,-27.39949],[153.124647,-27.396456],[153.119276,-27.398579],[153.118668,-27.403736],[153.123431,-27.406771],[153.128802,-27.404648]]],"type":"Polygon"},"properties":{"hex_id":"88be8dc493fffff"},"type":"Feature"},{"geometry":{"coordinates":[[[153.129012,-27.576723],[153.129621,-27.571562],[153.124849,-27.568525],[153.119468,-27.57065],[153.118858,-27.57581],[153.12363,-27.578847],[153.129012,-27.576723]]],"type":"Polygon"},"properties":{"hex_id":"88be8d88c1fffff"},"type":"Feature"},{"geometry":{"coordinates":[[[153.12931,-27.443786],[153.129918,-27.438628],[153.125153,-27.435593],[153.11978,-27.437716],[153.119172,-27.442874],[153.123937,-27.445909],[153.12931,-27.443786]]],"type":"Polygon"},"properties":{"hex_id":"88be8d1305fffff"},"type":"Feature"},{"geometry":{"coordinates":[[[153.129819,-27.482931],[153.130427,-27.477772],[153.12566,-27.474737],[153.120285,-27.47686],[153.119676,-27.482019],[153.124443,-27.485055],[153.129819,-27.482931]]],"type":"Polygon"},"properties":{"hex_id":"88be8d89b7fffff"},"type":"Feature"},{"geometry":{"coordinates":[[[153.130328,-27.522083],[153.130937,-27.516923],[153.126168,-27.513887],[153.12079,-27.516011],[153.120181,-27.52117],[153.12495,-27.524206],[153.130328,-27.522083]]],"type":"Polygon"},"properties":{"hex_id":"88be8d8999fffff"},"type":"Feature"},{"geometry":{"coordinates":[[[153.130625,-27.389176],[153.131232,-27.384019],[153.12647,-27.380985],[153.121101,-27.383108],[153.120493,-27.388265],[153.125255,-27.391299],[153.130625,-27.389176]]],"type":"Polygon"},"properties":{"hex_id":"88be8d116dfffff"},"type":"Feature"},{"geometry":{"coordinates":[[[153.130838,-27.56124],[153.131447,-27.55608],[153.126676,-27.553044],[153.121296,-27.555168],[153.120687,-27.560328],[153.125458,-27.563365],[153.130838,-27.56124]]],"type":"Polygon"},"properties":{"hex_id":"88be8d88ebfffff"},"type":"Feature"},{"geometry":{"coordinates":[[[153.131349,-27.600405],[153.131958,-27.595243],[153.127184,-27.592207],[153.121802,-27.594331],[153.121192,-27.599492],[153.125966,-27.602529],[153.131349,-27.600405]]],"type":"Polygon"},"properties":{"hex_id":"88be8d8abdfffff"},"type":"Feature"},{"geometry":{"coordinates":[[[153.131644,-27.467455],[153.132252,-27.462296],[153.127486,-27.459261],[153.122111,-27.461384],[153.121503,-27.466543],[153.126269,-27.469578],[153.131644,-27.467455]]],"type":"Polygon"},"properties":{"hex_id":"88be8d1343fffff"},"type":"Feature"},{"geometry":{"coordinates":[[[153.132154,-27.506604],[153.132762,-27.501444],[153.127994,-27.498409],[153.122617,-27.500532],[153.122008,-27.505692],[153.126777,-27.508727],[153.132154,-27.506604]]],"type":"Polygon"},"properties":{"hex_id":"88be8d8995fffff"},"type":"Feature"},{"geometry":{"coordinates":[[[153.132447,-27.373706],[153.133055,-27.368549],[153.128293,-27.365516],[153.122925,-27.367638],[153.122317,-27.372795],[153.127078,-27.375829],[153.132447,-27.373706]]],"type":"Polygon"},"properties":{"hex_id":"88be8d1a59fffff"},"type":"Feature"},{"geometry":{"coordinates":[[[153.132664,-27.545759],[153.133273,-27.540599],[153.128503,-27.537563],[153.123123,-27.539687],[153.122514,-27.544847],[153.127285,-27.547883],[153.132664,-27.545759]]],"type":"Polygon"},"properties":{"hex_id":"88be8d88e7fffff"},"type":"Feature"},{"geometry":{"coordinates":[[[153.132957,-27.412839],[153.133565,-27.407682],[153.128802,-27.404648],[153.123431,-27.406771],[153.122822,-27.411928],[153.127586,-27.414962],[153.132957,-27.412839]]],"type":"Polygon"},"properties":{"hex_id":"88be8dc49bfffff"},"type":"Feature"},{"geometry":{"coordinates":[[[153.133175,-27.584921],[153.133784,-27.57976],[153.129012,-27.576723],[153.12363,-27.578847],[153.123021,-27.584008],[153.127794,-27.587045],[153.133175,-27.584921]]],"type":"Polygon"},"properties":{"hex_id":"88be8d88c9fffff"},"type":"Feature"},{"geometry":{"coordinates":[[[153.133468,-27.451979],[153.134075,-27.446821],[153.12931,-27.443786],[153.123937,-27.445909],[153.123328,-27.451068],[153.128094,-27.454103],[153.133468,-27.451979]]],"type":"Polygon"},"properties":{"hex_id":"88be8d130dfffff"},"type":"Feature"},{"geometry":{"coordinates":[[[153.133978,-27.491125],[153.134587,-27.485966],[153.129819,-27.482931],[153.124443,-27.485055],[153.123835,-27.490214],[153.128602,-27.493249],[153.133978,-27.491125]]],"type":"Polygon"},"properties":{"hex_id":"88be8d89b1fffff"},"type":"Feature"},{"geometry":{"coordinates":[[[153.13449,-27.530278],[153.135098,-27.525118],[153.130328,-27.522083],[153.12495,-27.524206],[153.124341,-27.529366],[153.129111,-27.532402],[153.13449,-27.530278]]],"type":"Polygon"},"properties":{"hex_id":"88be8d89d3fffff"},"type":"Feature"},{"geometry":{"coordinates":[[[153.13478,-27.397367],[153.135387,-27.39221],[153.130625,-27.389176],[153.125255,-27.391299],[153.124647,-27.396456],[153.129409,-27.39949],[153.13478,-27.397367]]],"type":"Polygon"},"properties":{"hex_id":"88be8dc497fffff"},"type":"Feature"},{"geometry":{"coordinates":[[[153.135001,-27.569438],[153.13561,-27.564277],[153.130838,-27.56124],[153.125458,-27.563365],[153.124849,-27.568525],[153.129621,-27.571562],[153.135001,-27.569438]]],"type":"Polygon"},"properties":{"hex_id":"88be8d88c5fffff"},"type":"Feature"},{"geometry":{"coordinates":[[[153.135291,-27.436505],[153.135899,-27.431347],[153.131134,-27.428312],[153.125762,-27.430435],[153.125153,-27.435593],[153.129918,-27.438628],[153.135291,-27.436505]]],"type":"Polygon"},"properties":{"hex_id":"88be8d1329fffff"},"type":"Feature"},{"geometry":{"coordinates":[[[153.135802,-27.475648],[153.13641,-27.47049],[153.131644,-27.467455],[153.126269,-27.469578],[153.12566,-27.474737],[153.130427,-27.477772],[153.135802,-27.475648]]],"type":"Polygon"},"properties":{"hex_id":"88be8d134bfffff"},"type":"Feature"},{"geometry":{"coordinates":[[[153.136314,-27.514799],[153.136923,-27.509639],[153.132154,-27.506604],[153.126777,-27.508727],[153.126168,-27.513887],[153.130937,-27.516923],[153.136314,-27.514799]]],"type":"Polygon"},"properties":{"hex_id":"88be8d899dfffff"},"type":"Feature"},{"geometry":{"coordinates":[[[153.136602,-27.381896],[153.137209,-27.37674],[153.132447,-27.373706],[153.127078,-27.375829],[153.12647,-27.380985],[153.131232,-27.384019],[153.136602,-27.381896]]],"type":"Polygon"},"properties":{"hex_id":"88be8dc4b3fffff"},"type":"Feature"},{"geometry":{"coordinates":[[[153.136827,-27.553955],[153.137435,-27.548795],[153.132664,-27.545759],[153.127285,-27.547883],[153.126676,-27.553044],[153.131447,-27.55608],[153.136827,-27.553955]]],"type":"Polygon"},"properties":{"hex_id":"88be8d88e1fffff"},"type":"Feature"},{"geometry":{"coordinates":[[[153.137114,-27.421031],[153.137721,-27.415873],[153.132957,-27.412839],[153.127586,-27.414962],[153.126978,-27.42012],[153.131742,-27.423154],[153.137114,-27.421031]]],"type":"Polygon"},"properties":{"hex_id":"88be8d1325fffff"},"type":"Feature"},{"geometry":{"coordinates":[[[153.13734,-27.593119],[153.137948,-27.587957],[153.133175,-27.584921],[153.127794,-27.587045],[153.127184,-27.592207],[153.131958,-27.595243],[153.13734,-27.593119]]],"type":"Polygon"},"properties":{"hex_id":"88be8d8aa3fffff"},"type":"Feature"},{"geometry":{"coordinates":[[[153.137626,-27.460172],[153.138234,-27.455014],[153.133468,-27.451979],[153.128094,-27.454103],[153.127486,-27.459261],[153.132252,-27.462296],[153.137626,-27.460172]]],"type":"Polygon"},"properties":{"hex_id":"88be8d1347fffff"},"type":"Feature"},{"geometry":{"coordinates":[[[153.138139,-27.49932],[153.138746,-27.494161],[153.133978,-27.491125],[153.128602,-27.493249],[153.127994,-27.498409],[153.132762,-27.501444],[153.138139,-27.49932]]],"type":"Polygon"},"properties":{"hex_id":"88be8d89b9fffff"},"type":"Feature"},{"geometry":{"coordinates":[[[153.138423,-27.366426],[153.13903,-27.36127],[153.134269,-27.358237],[153.128901,-27.360359],[153.128293,-27.365516],[153.133055,-27.368549],[153.138423,-27.366426]]],"type":"Polygon"},"properties":{"hex_id":"88be8d1a5dfffff"},"type":"Feature"},{"geometry":{"coordinates":[[[153.138652,-27.538474],[153.13926,-27.533314],[153.13449,-27.530278],[153.129111,-27.532402],[153.128503,-27.537563],[153.133273,-27.540599],[153.138652,-27.538474]]],"type":"Polygon"},"properties":{"hex_id":"88be8d89dbfffff"},"type":"Feature"},{"geometry":{"coordinates":[[[153.138936,-27.405558],[153.139543,-27.400401],[153.13478,-27.397367],[153.129409,-27.39949],[153.128802,-27.404648],[153.133565,-27.407682],[153.138936,-27.405558]]],"type":"Polygon"},"properties":{"hex_id":"88be8dc491fffff"},"type":"Feature"},{"geometry":{"coordinates":[[[153.139165,-27.577635],[153.139774,-27.572474],[153.135001,-27.569438],[153.129621,-27.571562],[153.129012,-27.576723],[153.133784,-27.57976],[153.139165,-27.577635]]],"type":"Polygon"},"properties":{"hex_id":"88be8d88cdfffff"},"type":"Feature"},{"geometry":{"coordinates":[[[153.139449,-27.444697],[153.140056,-27.439539],[153.135291,-27.436505],[153.129918,-27.438628],[153.12931,-27.443786],[153.134075,-27.446821],[153.139449,-27.444697]]],"type":"Polygon"},"properties":{"hex_id":"88be8d1363fffff"},"type":"Feature"},{"geometry":{"coordinates":[[[153.139962,-27.483842],[153.14057,-27.478683],[153.135802,-27.475648],[153.130427,-27.477772],[153.129819,-27.482931],[153.134587,-27.485966],[153.139962,-27.483842]]],"type":"Polygon"},"properties":{"hex_id":"88be8d89b5fffff"},"type":"Feature"},{"geometry":{"coordinates":[[[153.140476,-27.522994],[153.141084,-27.517834],[153.136314,-27.514799],[153.130937,-27.516923],[153.130328,-27.522083],[153.135098,-27.525118],[153.140476,-27.522994]]],"type":"Polygon"},"properties":{"hex_id":"88be8d89d7fffff"},"type":"Feature"},{"geometry":{"coordinates":[[[153.140757,-27.390087],[153.141364,-27.38493],[153.136602,-27.381896],[153.131232,-27.384019],[153.130625,-27.389176],[153.135387,-27.39221],[153.140757,-27.390087]]],"type":"Polygon"},"properties":{"hex_id":"88be8dc4bbfffff"},"type":"Feature"},{"geometry":{"coordinates":[[[153.14099,-27.562152],[153.141598,-27.556991],[153.136827,-27.553955],[153.131447,-27.55608],[153.130838,-27.56124],[153.13561,-27.564277],[153.14099,-27.562152]]],"type":"Polygon"},"properties":{"hex_id":"88be8d88e9fffff"},"type":"Feature"},{"geometry":{"coordinates":[[[153.141271,-27.429223],[153.141878,-27.424065],[153.137114,-27.421031],[153.131742,-27.423154],[153.131134,-27.428312],[153.135899,-27.431347],[153.141271,-27.429223]]],"type":"Polygon"},"properties":{"hex_id":"88be8d132dfffff"},"type":"Feature"},{"geometry":{"coordinates":[[[153.141785,-27.468366],[153.142392,-27.463207],[153.137626,-27.460172],[153.132252,-27.462296],[153.131644,-27.467455],[153.13641,-27.47049],[153.141785,-27.468366]]],"type":"Polygon"},"properties":{"hex_id":"88be8d1341fffff"},"type":"Feature"},{"geometry":{"coordinates":[[[153.1423,-27.507515],[153.142907,-27.502355],[153.138139,-27.49932],[153.132762,-27.501444],[153.132154,-27.506604],[153.136923,-27.509639],[153.1423,-27.507515]]],"type":"Polygon"},"properties":{"hex_id":"88be8d8983fffff"},"type":"Feature"},{"geometry":{"coordinates":[[[153.142578,-27.374616],[153.143185,-27.36946],[153.138423,-27.366426],[153.133055,-27.368549],[153.132447,-27.373706],[153.137209,-27.37674],[153.142578,-27.374616]]],"type":"Polygon"},"properties":{"hex_id":"88be8dc4b7fffff"},"type":"Feature"},{"geometry":{"coordinates":[[[153.142815,-27.54667],[153.143423,-27.54151],[153.138652,-27.538474],[153.133273,-27.540599],[153.132664,-27.545759],[153.137435,-27.548795],[153.142815,-27.54667]]],"type":"Polygon"},"properties":{"hex_id":"88be8d88e5fffff"},"type":"Feature"},{"geometry":{"coordinates":[[[153.143092,-27.41375],[153.143699,-27.408592],[153.138936,-27.405558],[153.133565,-27.407682],[153.132957,-27.412839],[153.137721,-27.415873],[153.143092,-27.41375]]],"type":"Polygon"},"properties":{"hex_id":"88be8dc499fffff"},"type":"Feature"},{"geometry":{"coordinates":[[[153.14333,-27.585832],[153.143938,-27.580671],[153.139165,-27.577635],[153.133784,-27.57976],[153.133175,-27.584921],[153.137948,-27.587957],[153.14333,-27.585832]]],"type":"Polygon"},"properties":{"hex_id":"88be8d8aa7fffff"},"type":"Feature"},{"geometry":{"coordinates":[[[153.143607,-27.45289],[153.144214,-27.447732],[153.139449,-27.444697],[153.134075,-27.446821],[153.133468,-27.451979],[153.138234,-27.455014],[153.143607,-27.45289]]],"type":"Polygon"},"properties":{"hex_id":"88be8d136bfffff"},"type":"Feature"},{"geometry":{"coordinates":[[[153.144122,-27.492036],[153.14473,-27.486877],[153.139962,-27.483842],[153.134587,-27.485966],[153.133978,-27.491125],[153.138746,-27.494161],[153.144122,-27.492036]]],"type":"Polygon"},"properties":{"hex_id":"88be8d89bdfffff"},"type":"Feature"},{"geometry":{"coordinates":[[[153.144638,-27.53119],[153.145246,-27.526029],[153.140476,-27.522994],[153.135098,-27.525118],[153.13449,-27.530278],[153.13926,-27.533314],[153.144638,-27.53119]]],"type":"Polygon"},"properties":{"hex_id":"88be8d89d1fffff"},"type":"Feature"},{"geometry":{"coordinates":[[[153.145154,-27.570349],[153.145762,-27.565188],[153.14099,-27.562152],[153.13561,-27.564277],[153.135001,-27.569438],[153.139774,-27.572474],[153.145154,-27.570349]]],"type":"Polygon"},"properties":{"hex_id":"88be8d8813fffff"},"type":"Feature"},{"geometry":{"coordinates":[[[153.145429,-27.437415],[153.146036,-27.432257],[153.141271,-27.429223],[153.135899,-27.431347],[153.135291,-27.436505],[153.140056,-27.439539],[153.145429,-27.437415]]],"type":"Polygon"},"properties":{"hex_id":"88be8d1367fffff"},"type":"Feature"},{"geometry":{"coordinates":[[[153.145945,-27.476559],[153.146552,-27.4714],[153.141785,-27.468366],[153.13641,-27.47049],[153.135802,-27.475648],[153.14057,-27.478683],[153.145945,-27.476559]]],"type":"Polygon"},"properties":{"hex_id":"88be8d1349fffff"},"type":"Feature"},{"geometry":{"coordinates":[[[153.146461,-27.51571],[153.147069,-27.51055],[153.1423,-27.507515],[153.136923,-27.509639],[153.136314,-27.514799],[153.141084,-27.517834],[153.146461,-27.51571]]],"type":"Polygon"},"properties":{"hex_id":"88be8d898bfffff"},"type":"Feature"},{"geometry":{"coordinates":[[[153.146733,-27.382806],[153.14734,-27.37765],[153.142578,-27.374616],[153.137209,-27.37674],[153.136602,-27.381896],[153.141364,-27.38493],[153.146733,-27.382806]]],"type":"Polygon"},"properties":{"hex_id":"88be8dc4b1fffff"},"type":"Feature"},{"geometry":{"coordinates":[[[153.146978,-27.554867],[153.147586,-27.549706],[153.142815,-27.54667],[153.137435,-27.548795],[153.136827,-27.553955],[153.141598,-27.556991],[153.146978,-27.554867]]],"type":"Polygon"},"properties":{"hex_id":"88be8d88edfffff"},"type":"Feature"},{"geometry":{"coordinates":[[[153.147496,-27.59403],[153.148104,-27.588869],[153.14333,-27.585832],[153.137948,-27.587957],[153.13734,-27.593119],[153.142113,-27.596155],[153.147496,-27.59403]]],"type":"Polygon"},"properties":{"hex_id":"88be8d8aa1fffff"},"type":"Feature"},{"geometry":{"coordinates":[[[153.147766,-27.461083],[153.148374,-27.455924],[153.143607,-27.45289],[153.138234,-27.455014],[153.137626,-27.460172],[153.142392,-27.463207],[153.147766,-27.461083]]],"type":"Polygon"},"properties":{"hex_id":"88be8d1345fffff"},"type":"Feature"},{"geometry":{"coordinates":[[[153.148284,-27.500231],[153.148891,-27.495071],[153.144122,-27.492036],[153.138746,-27.494161],[153.138139,-27.49932],[153.142907,-27.502355],[153.148284,-27.500231]]],"type":"Polygon"},"properties":{"hex_id":"88be8d8987fffff"},"type":"Feature"},{"geometry":{"coordinates":[[[153.148553,-27.367336],[153.14916,-27.36218],[153.144398,-27.359147],[153.13903,-27.36127],[153.138423,-27.366426],[153.143185,-27.36946],[153.148553,-27.367336]]],"type":"Polygon"},"properties":{"hex_id":"88be8d1a4bfffff"},"type":"Feature"},{"geometry":{"coordinates":[[[153.148801,-27.539385],[153.149409,-27.534225],[153.144638,-27.53119],[153.13926,-27.533314],[153.138652,-27.538474],[153.143423,-27.54151],[153.148801,-27.539385]]],"type":"Polygon"},"properties":{"hex_id":"88be8d89d9fffff"},"type":"Feature"},{"geometry":{"coordinates":[[[153.14907,-27.406469],[153.149677,-27.401311],[153.144913,-27.398278],[153.139543,-27.400401],[153.138936,-27.405558],[153.143699,-27.408592],[153.14907,-27.406469]]],"type":"Polygon"},"properties":{"hex_id":"88be8dc49dfffff"},"type":"Feature"},{"geometry":{"coordinates":[[[153.149319,-27.578546],[153.149927,-27.573385],[153.145154,-27.570349],[153.139774,-27.572474],[153.139165,-27.577635],[153.143938,-27.580671],[153.149319,-27.578546]]],"type":"Polygon"},"properties":{"hex_id":"88be8d881bfffff"},"type":"Feature"},{"geometry":{"coordinates":[[[153.149588,-27.445607],[153.150194,-27.440449],[153.145429,-27.437415],[153.140056,-27.439539],[153.139449,-27.444697],[153.144214,-27.447732],[153.149588,-27.445607]]],"type":"Polygon"},"properties":{"hex_id":"88be8d1361fffff"},"type":"Feature"},{"geometry":{"coordinates":[[[153.150105,-27.484753],[153.150712,-27.479594],[153.145945,-27.476559],[153.14057,-27.478683],[153.139962,-27.483842],[153.14473,-27.486877],[153.150105,-27.484753]]],"type":"Polygon"},"properties":{"hex_id":"88be8d89a3fffff"},"type":"Feature"},{"geometry":{"coordinates":[[[153.150624,-27.523905],[153.151231,-27.518745],[153.146461,-27.51571],[153.141084,-27.517834],[153.140476,-27.522994],[153.145246,-27.526029],[153.150624,-27.523905]]],"type":"Polygon"},"properties":{"hex_id":"88be8d89d5fffff"},"type":"Feature"},{"geometry":{"coordinates":[[[153.151142,-27.563063],[153.15175,-27.557902],[153.146978,-27.554867],[153.141598,-27.556991],[153.14099,-27.562152],[153.145762,-27.565188],[153.151142,-27.563063]]],"type":"Polygon"},"properties":{"hex_id":"88be8d8817fffff"},"type":"Feature"},{"geometry":{"coordinates":[[[153.151408,-27.430133],[153.152015,-27.424975],[153.14725,-27.421941],[153.141878,-27.424065],[153.141271,-27.429223],[153.146036,-27.432257],[153.151408,-27.430133]]],"type":"Polygon"},"properties":{"hex_id":"88be8dc4dbfffff"},"type":"Feature"},{"geometry":{"coordinates":[[[153.151927,-27.469276],[153.152533,-27.464117],[153.147766,-27.461083],[153.142392,-27.463207],[153.141785,-27.468366],[153.146552,-27.4714],[153.151927,-27.469276]]],"type":"Polygon"},"properties":{"hex_id":"88be8d134dfffff"},"type":"Feature"},{"geometry":{"coordinates":[[[153.152446,-27.508425],[153.153053,-27.503266],[153.148284,-27.500231],[153.142907,-27.502355],[153.1423,-27.507515],[153.147069,-27.51055],[153.152446,-27.508425]]],"type":"Polygon"},"properties":{"hex_id":"88be8d8981fffff"},"type":"Feature"},{"geometry":{"coordinates":[[[153.152709,-27.375526],[153.153315,-27.370369],[153.148553,-27.367336],[153.143185,-27.36946],[153.142578,-27.374616],[153.14734,-27.37765],[153.152709,-27.375526]]],"type":"Polygon"},"properties":{"hex_id":"88be8dc4b5fffff"},"type":"Feature"},{"geometry":{"coordinates":[[[153.152965,-27.547581],[153.153572,-27.542421],[153.148801,-27.539385],[153.143423,-27.54151],[153.142815,-27.54667],[153.147586,-27.549706],[153.152965,-27.547581]]],"type":"Polygon"},"properties":{"hex_id":"88be8d8833fffff"},"type":"Feature"},{"geometry":{"coordinates":[[[153.153485,-27.586743],[153.154093,-27.581582],[153.149319,-27.578546],[153.143938,-27.580671],[153.14333,-27.585832],[153.148104,-27.588869],[153.153485,-27.586743]]],"type":"Polygon"},"properties":{"hex_id":"88be8d8aa5fffff"},"type":"Feature"},{"geometry":{"coordinates":[[[153.153747,-27.4538],[153.154354,-27.448641],[153.149588,-27.445607],[153.144214,-27.447732],[153.143607,-27.45289],[153.148374,-27.455924],[153.153747,-27.4538]]],"type":"Polygon"},"properties":{"hex_id":"88be8d1369fffff"},"type":"Feature"},{"geometry":{"coordinates":[[[153.154267,-27.492947],[153.154874,-27.487787],[153.150105,-27.484753],[153.14473,-27.486877],[153.144122,-27.492036],[153.148891,-27.495071],[153.154267,-27.492947]]],"type":"Polygon"},"properties":{"hex_id":"88be8d89abfffff"},"type":"Feature"},{"geometry":{"coordinates":[[[153.155308,-27.57126],[153.155915,-27.566099],[153.151142,-27.563063],[153.145762,-27.565188],[153.145154,-27.570349],[153.149927,-27.573385],[153.155308,-27.57126]]],"type":"Polygon"},"properties":{"hex_id":"88be8d8811fffff"},"type":"Feature"},{"geometry":{"coordinates":[[[153.155567,-27.438325],[153.156173,-27.433167],[153.151408,-27.430133],[153.146036,-27.432257],[153.145429,-27.437415],[153.150194,-27.440449],[153.155567,-27.438325]]],"type":"Polygon"},"properties":{"hex_id":"88be8d1365fffff"},"type":"Feature"},{"geometry":{"coordinates":[[[153.156087,-27.477469],[153.156694,-27.47231],[153.151927,-27.469276],[153.146552,-27.4714],[153.145945,-27.476559],[153.150712,-27.479594],[153.156087,-27.477469]]],"type":"Polygon"},"properties":{"hex_id":"88be8d89a7fffff"},"type":"Feature"},{"geometry":{"coordinates":[[[153.156608,-27.51662],[153.157215,-27.51146],[153.152446,-27.508425],[153.147069,-27.51055],[153.146461,-27.51571],[153.151231,-27.518745],[153.156608,-27.51662]]],"type":"Polygon"},"properties":{"hex_id":"88be8d8989fffff"},"type":"Feature"},{"geometry":{"coordinates":[[[153.156865,-27.383716],[153.157471,-27.378559],[153.152709,-27.375526],[153.14734,-27.37765],[153.146733,-27.382806],[153.151496,-27.38584],[153.156865,-27.383716]]],"type":"Polygon"},"properties":{"hex_id":"88be8dc4bdfffff"},"type":"Feature"},{"geometry":{"coordinates":[[[153.15713,-27.555777],[153.157737,-27.550616],[153.152965,-27.547581],[153.147586,-27.549706],[153.146978,-27.554867],[153.15175,-27.557902],[153.15713,-27.555777]]],"type":"Polygon"},"properties":{"hex_id":"88be8d883bfffff"},"type":"Feature"},{"geometry":{"coordinates":[[[153.157386,-27.422851],[153.157992,-27.417693],[153.153228,-27.41466],[153.147857,-27.416784],[153.14725,-27.421941],[153.152015,-27.424975],[153.157386,-27.422851]]],"type":"Polygon"},"properties":{"hex_id":"88be8dc4d1fffff"},"type":"Feature"},{"geometry":{"coordinates":[[[153.157907,-27.461993],[153.158514,-27.456834],[153.153747,-27.4538],[153.148374,-27.455924],[153.147766,-27.461083],[153.152533,-27.464117],[153.157907,-27.461993]]],"type":"Polygon"},"properties":{"hex_id":"88be8dc693fffff"},"type":"Feature"},{"geometry":{"coordinates":[[[153.158429,-27.501141],[153.159036,-27.495981],[153.154267,-27.492947],[153.148891,-27.495071],[153.148284,-27.500231],[153.153053,-27.503266],[153.158429,-27.501141]]],"type":"Polygon"},"properties":{"hex_id":"88be8d8985fffff"},"type":"Feature"},{"geometry":{"coordinates":[[[153.158683,-27.368245],[153.159289,-27.363089],[153.154527,-27.360056],[153.14916,-27.36218],[153.148553,-27.367336],[153.153315,-27.370369],[153.158683,-27.368245]]],"type":"Polygon"},"properties":{"hex_id":"88be8d1a49fffff"},"type":"Feature"},{"geometry":{"coordinates":[[[153.159474,-27.579457],[153.160081,-27.574295],[153.155308,-27.57126],[153.149927,-27.573385],[153.149319,-27.578546],[153.154093,-27.581582],[153.159474,-27.579457]]],"type":"Polygon"},"properties":{"hex_id":"88be8d8819fffff"},"type":"Feature"},{"geometry":{"coordinates":[[[153.159727,-27.446517],[153.160333,-27.441359],[153.155567,-27.438325],[153.150194,-27.440449],[153.149588,-27.445607],[153.154354,-27.448641],[153.159727,-27.446517]]],"type":"Polygon"},"properties":{"hex_id":"88be8d136dfffff"},"type":"Feature"},{"geometry":{"coordinates":[[[153.160249,-27.485663],[153.160855,-27.480503],[153.156087,-27.477469],[153.150712,-27.479594],[153.150105,-27.484753],[153.154874,-27.487787],[153.160249,-27.485663]]],"type":"Polygon"},"properties":{"hex_id":"88be8d89a1fffff"},"type":"Feature"},{"geometry":{"coordinates":[[[153.160772,-27.524815],[153.161378,-27.519655],[153.156608,-27.51662],[153.151231,-27.518745],[153.150624,-27.523905],[153.155394,-27.52694],[153.160772,-27.524815]]],"type":"Polygon"},"properties":{"hex_id":"88be8d89c3fffff"},"type":"Feature"},{"geometry":{"coordinates":[[[153.161295,-27.563973],[153.161902,-27.558812],[153.15713,-27.555777],[153.15175,-27.557902],[153.151142,-27.563063],[153.155915,-27.566099],[153.161295,-27.563973]]],"type":"Polygon"},"properties":{"hex_id":"88be8d8815fffff"},"type":"Feature"},{"geometry":{"coordinates":[[[153.161545,-27.431042],[153.162151,-27.425884],[153.157386,-27.422851],[153.152015,-27.424975],[153.151408,-27.430133],[153.156173,-27.433167],[153.161545,-27.431042]]],"type":"Polygon"},"properties":{"hex_id":"88be8dc4d9fffff"},"type":"Feature"},{"geometry":{"coordinates":[[[153.162068,-27.470185],[153.162675,-27.465027],[153.157907,-27.461993],[153.152533,-27.464117],[153.151927,-27.469276],[153.156694,-27.47231],[153.162068,-27.470185]]],"type":"Polygon"},"properties":{"hex_id":"88be8dc69bfffff"},"type":"Feature"},{"geometry":{"coordinates":[[[153.162592,-27.509335],[153.163198,-27.504175],[153.158429,-27.501141],[153.153053,-27.503266],[153.152446,-27.508425],[153.157215,-27.51146],[153.162592,-27.509335]]],"type":"Polygon"},"properties":{"hex_id":"88be8d898dfffff"},"type":"Feature"},{"geometry":{"coordinates":[[[153.163116,-27.548491],[153.163723,-27.54333],[153.158951,-27.540295],[153.153572,-27.542421],[153.152965,-27.547581],[153.157737,-27.550616],[153.163116,-27.548491]]],"type":"Polygon"},"properties":{"hex_id":"88be8d8831fffff"},"type":"Feature"},{"geometry":{"coordinates":[[[153.163363,-27.415569],[153.163969,-27.410411],[153.159205,-27.407378],[153.153834,-27.409502],[153.153228,-27.41466],[153.157992,-27.417693],[153.163363,-27.415569]]],"type":"Polygon"},"properties":{"hex_id":"88be8dc4d5fffff"},"type":"Feature"},{"geometry":{"coordinates":[[[153.163887,-27.454709],[153.164493,-27.449551],[153.159727,-27.446517],[153.154354,-27.448641],[153.153747,-27.4538],[153.158514,-27.456834],[153.163887,-27.454709]]],"type":"Polygon"},"properties":{"hex_id":"88be8dc697fffff"},"type":"Feature"},{"geometry":{"coordinates":[[[153.164411,-27.493856],[153.165018,-27.488697],[153.160249,-27.485663],[153.154874,-27.487787],[153.154267,-27.492947],[153.159036,-27.495981],[153.164411,-27.493856]]],"type":"Polygon"},"properties":{"hex_id":"88be8d89a9fffff"},"type":"Feature"},{"geometry":{"coordinates":[[[153.164936,-27.53301],[153.165543,-27.52785],[153.160772,-27.524815],[153.155394,-27.52694],[153.154787,-27.5321],[153.159558,-27.535135],[153.164936,-27.53301]]],"type":"Polygon"},"properties":{"hex_id":"88be8d89cbfffff"},"type":"Feature"},{"geometry":{"coordinates":[[[153.165461,-27.57217],[153.166068,-27.567009],[153.161295,-27.563973],[153.155915,-27.566099],[153.155308,-27.57126],[153.160081,-27.574295],[153.165461,-27.57217]]],"type":"Polygon"},"properties":{"hex_id":"88be8d881dfffff"},"type":"Feature"},{"geometry":{"coordinates":[[[153.165705,-27.439234],[153.166311,-27.434076],[153.161545,-27.431042],[153.156173,-27.433167],[153.155567,-27.438325],[153.160333,-27.441359],[153.165705,-27.439234]]],"type":"Polygon"},"properties":{"hex_id":"88be8dc6b3fffff"},"type":"Feature"},{"geometry":{"coordinates":[[[153.16623,-27.478378],[153.166836,-27.473219],[153.162068,-27.470185],[153.156694,-27.47231],[153.156087,-27.477469],[153.160855,-27.480503],[153.16623,-27.478378]]],"type":"Polygon"},"properties":{"hex_id":"88be8d89a5fffff"},"type":"Feature"},{"geometry":{"coordinates":[[[153.166756,-27.517529],[153.167362,-27.51237],[153.162592,-27.509335],[153.157215,-27.51146],[153.156608,-27.51662],[153.161378,-27.519655],[153.166756,-27.517529]]],"type":"Polygon"},"properties":{"hex_id":"88be8d89c7fffff"},"type":"Feature"},{"geometry":{"coordinates":[[[153.167281,-27.556687],[153.167888,-27.551526],[153.163116,-27.548491],[153.157737,-27.550616],[153.15713,-27.555777],[153.161902,-27.558812],[153.167281,-27.556687]]],"type":"Polygon"},"properties":{"hex_id":"88be8d8839fffff"},"type":"Feature"},{"geometry":{"coordinates":[[[153.167523,-27.42376],[153.168128,-27.418602],[153.163363,-27.415569],[153.157992,-27.417693],[153.157386,-27.422851],[153.162151,-27.425884],[153.167523,-27.42376]]],"type":"Polygon"},"properties":{"hex_id":"88be8dc4ddfffff"},"type":"Feature"},{"geometry":{"coordinates":[[[153.168048,-27.462902],[153.168654,-27.457743],[153.163887,-27.454709],[153.158514,-27.456834],[153.157907,-27.461993],[153.162675,-27.465027],[153.168048,-27.462902]]],"type":"Polygon"},"properties":{"hex_id":"88be8dc691fffff"},"type":"Feature"},{"geometry":{"coordinates":[[[153.168574,-27.50205],[153.169181,-27.496891],[153.164411,-27.493856],[153.159036,-27.495981],[153.158429,-27.501141],[153.163198,-27.504175],[153.168574,-27.50205]]],"type":"Polygon"},"properties":{"hex_id":"88be8d89e3fffff"},"type":"Feature"},{"geometry":{"coordinates":[[[153.169628,-27.580366],[153.170235,-27.575205],[153.165461,-27.57217],[153.160081,-27.574295],[153.159474,-27.579457],[153.164247,-27.582492],[153.169628,-27.580366]]],"type":"Polygon"},"properties":{"hex_id":"88be8d8857fffff"},"type":"Feature"},{"geometry":{"coordinates":[[[153.169866,-27.447426],[153.170472,-27.442268],[153.165705,-27.439234],[153.160333,-27.441359],[153.159727,-27.446517],[153.164493,-27.449551],[153.169866,-27.447426]]],"type":"Polygon"},"properties":{"hex_id":"88be8dc6bbfffff"},"type":"Feature"},{"geometry":{"coordinates":[[[153.170393,-27.486572],[153.170999,-27.481412],[153.16623,-27.478378],[153.160855,-27.480503],[153.160249,-27.485663],[153.165018,-27.488697],[153.170393,-27.486572]]],"type":"Polygon"},"properties":{"hex_id":"88be8d89adfffff"},"type":"Feature"},{"geometry":{"coordinates":[[[153.17092,-27.525724],[153.171526,-27.520564],[153.166756,-27.517529],[153.161378,-27.519655],[153.160772,-27.524815],[153.165543,-27.52785],[153.17092,-27.525724]]],"type":"Polygon"},"properties":{"hex_id":"88be8d89c1fffff"},"type":"Feature"},{"geometry":{"coordinates":[[[153.171448,-27.564883],[153.172054,-27.559722],[153.167281,-27.556687],[153.161902,-27.558812],[153.161295,-27.563973],[153.166068,-27.567009],[153.171448,-27.564883]]],"type":"Polygon"},"properties":{"hex_id":"88be8d8803fffff"},"type":"Feature"},{"geometry":{"coordinates":[[[153.171683,-27.431951],[153.172288,-27.426793],[153.167523,-27.42376],[153.162151,-27.425884],[153.161545,-27.431042],[153.166311,-27.434076],[153.171683,-27.431951]]],"type":"Polygon"},"properties":{"hex_id":"88be8dc6b7fffff"},"type":"Feature"},{"geometry":{"coordinates":[[[153.17221,-27.471094],[153.172816,-27.465935],[153.168048,-27.462902],[153.162675,-27.465027],[153.162068,-27.470185],[153.166836,-27.473219],[153.17221,-27.471094]]],"type":"Polygon"},"properties":{"hex_id":"88be8dc699fffff"},"type":"Feature"},{"geometry":{"coordinates":[[[153.172738,-27.510244],[153.173344,-27.505084],[153.168574,-27.50205],[153.163198,-27.504175],[153.162592,-27.509335],[153.167362,-27.51237],[153.172738,-27.510244]]],"type":"Polygon"},"properties":{"hex_id":"88be8d89ebfffff"},"type":"Feature"},{"geometry":{"coordinates":[[[153.173267,-27.5494],[153.173873,-27.54424],[153.169101,-27.541205],[153.163723,-27.54333],[153.163116,-27.548491],[153.167888,-27.551526],[153.173267,-27.5494]]],"type":"Polygon"},"properties":{"hex_id":"88be8d883dfffff"},"type":"Feature"},{"geometry":{"coordinates":[[[153.173499,-27.416477],[153.174105,-27.411319],[153.16934,-27.408287],[153.163969,-27.410411],[153.163363,-27.415569],[153.168128,-27.418602],[153.173499,-27.416477]]],"type":"Polygon"},"properties":{"hex_id":"88be8dc4c3fffff"},"type":"Feature"},{"geometry":{"coordinates":[[[153.174027,-27.455618],[153.174633,-27.450459],[153.169866,-27.447426],[153.164493,-27.449551],[153.163887,-27.454709],[153.168654,-27.457743],[153.174027,-27.455618]]],"type":"Polygon"},"properties":{"hex_id":"88be8dc695fffff"},"type":"Feature"},{"geometry":{"coordinates":[[[153.174556,-27.494765],[153.175162,-27.489606],[153.170393,-27.486572],[153.165018,-27.488697],[153.164411,-27.493856],[153.169181,-27.496891],[153.174556,-27.494765]]],"type":"Polygon"},"properties":{"hex_id":"88be8d89e7fffff"},"type":"Feature"},{"geometry":{"coordinates":[[[153.175085,-27.533919],[153.175691,-27.528758],[153.17092,-27.525724],[153.165543,-27.52785],[153.164936,-27.53301],[153.169707,-27.536045],[153.175085,-27.533919]]],"type":"Polygon"},"properties":{"hex_id":"88be8d89c9fffff"},"type":"Feature"},{"geometry":{"coordinates":[[[153.175615,-27.573079],[153.176221,-27.567918],[153.171448,-27.564883],[153.166068,-27.567009],[153.165461,-27.57217],[153.170235,-27.575205],[153.175615,-27.573079]]],"type":"Polygon"},"properties":{"hex_id":"88be8d880bfffff"},"type":"Feature"},{"geometry":{"coordinates":[[[153.175844,-27.440142],[153.176449,-27.434984],[153.171683,-27.431951],[153.166311,-27.434076],[153.165705,-27.439234],[153.170472,-27.442268],[153.175844,-27.440142]]],"type":"Polygon"},"properties":{"hex_id":"88be8dc6b1fffff"},"type":"Feature"},{"geometry":{"coordinates":[[[153.176373,-27.479287],[153.176979,-27.474128],[153.17221,-27.471094],[153.166836,-27.473219],[153.16623,-27.478378],[153.170999,-27.481412],[153.176373,-27.479287]]],"type":"Polygon"},"properties":{"hex_id":"88be8dc6d3fffff"},"type":"Feature"},{"geometry":{"coordinates":[[[153.176903,-27.518438],[153.177509,-27.513278],[153.172738,-27.510244],[153.167362,-27.51237],[153.166756,-27.517529],[153.171526,-27.520564],[153.176903,-27.518438]]],"type":"Polygon"},"properties":{"hex_id":"88be8d89c5fffff"},"type":"Feature"},{"geometry":{"coordinates":[[[153.177433,-27.557596],[153.178039,-27.552435],[153.173267,-27.5494],[153.167888,-27.551526],[153.167281,-27.556687],[153.172054,-27.559722],[153.177433,-27.557596]]],"type":"Polygon"},"properties":{"hex_id":"88be8d8807fffff"},"type":"Feature"},{"geometry":{"coordinates":[[[153.17766,-27.424668],[153.178265,-27.41951],[153.173499,-27.416477],[153.168128,-27.418602],[153.167523,-27.42376],[153.172288,-27.426793],[153.17766,-27.424668]]],"type":"Polygon"},"properties":{"hex_id":"88be8dc4cbfffff"},"type":"Feature"},{"geometry":{"coordinates":[[[153.17819,-27.46381],[153.178795,-27.458651],[153.174027,-27.455618],[153.168654,-27.457743],[153.168048,-27.462902],[153.172816,-27.465935],[153.17819,-27.46381]]],"type":"Polygon"},"properties":{"hex_id":"88be8dc69dfffff"},"type":"Feature"},{"geometry":{"coordinates":[[[153.17872,-27.502959],[153.179326,-27.497799],[153.174556,-27.494765],[153.169181,-27.496891],[153.168574,-27.50205],[153.173344,-27.505084],[153.17872,-27.502959]]],"type":"Polygon"},"properties":{"hex_id":"88be8d89e1fffff"},"type":"Feature"},{"geometry":{"coordinates":[[[153.179783,-27.581275],[153.180389,-27.576114],[153.175615,-27.573079],[153.170235,-27.575205],[153.169628,-27.580366],[153.174402,-27.583401],[153.179783,-27.581275]]],"type":"Polygon"},"properties":{"hex_id":"88be8d8855fffff"},"type":"Feature"},{"geometry":{"coordinates":[[[153.180006,-27.448334],[153.180611,-27.443176],[153.175844,-27.440142],[153.170472,-27.442268],[153.169866,-27.447426],[153.174633,-27.450459],[153.180006,-27.448334]]],"type":"Polygon"},"properties":{"hex_id":"88be8dc6b9fffff"},"type":"Feature"},{"geometry":{"coordinates":[[[153.180537,-27.48748],[153.181142,-27.482321],[153.176373,-27.479287],[153.170999,-27.481412],[153.170393,-27.486572],[153.175162,-27.489606],[153.180537,-27.48748]]],"type":"Polygon"},"properties":{"hex_id":"88be8dc6dbfffff"},"type":"Feature"},{"geometry":{"coordinates":[[[153.181068,-27.526633],[153.181674,-27.521472],[153.176903,-27.518438],[153.171526,-27.520564],[153.17092,-27.525724],[153.175691,-27.528758],[153.181068,-27.526633]]],"type":"Polygon"},"properties":{"hex_id":"88be8d89cdfffff"},"type":"Feature"},{"geometry":{"coordinates":[[[153.181601,-27.565792],[153.182206,-27.56063],[153.177433,-27.557596],[153.172054,-27.559722],[153.171448,-27.564883],[153.176221,-27.567918],[153.181601,-27.565792]]],"type":"Polygon"},"properties":{"hex_id":"88be8d8801fffff"},"type":"Feature"},{"geometry":{"coordinates":[[[153.181821,-27.432859],[153.182426,-27.427701],[153.17766,-27.424668],[153.172288,-27.426793],[153.171683,-27.431951],[153.176449,-27.434984],[153.181821,-27.432859]]],"type":"Polygon"},"properties":{"hex_id":"88be8dc6b5fffff"},"type":"Feature"},{"geometry":{"coordinates":[[[153.182353,-27.472002],[153.182958,-27.466843],[153.17819,-27.46381],[153.172816,-27.465935],[153.17221,-27.471094],[153.176979,-27.474128],[153.182353,-27.472002]]],"type":"Polygon"},"properties":{"hex_id":"88be8dc6d7fffff"},"type":"Feature"},{"geometry":{"coordinates":[[[153.182885,-27.511152],[153.183491,-27.505993],[153.17872,-27.502959],[153.173344,-27.505084],[153.172738,-27.510244],[153.177509,-27.513278],[153.182885,-27.511152]]],"type":"Polygon"},"properties":{"hex_id":"88be8d89e9fffff"},"type":"Feature"},{"geometry":{"coordinates":[[[153.183418,-27.550309],[153.184024,-27.545148],[153.179251,-27.542114],[153.173873,-27.54424],[153.173267,-27.5494],[153.178039,-27.552435],[153.183418,-27.550309]]],"type":"Polygon"},"properties":{"hex_id":"88be8d882bfffff"},"type":"Feature"},{"geometry":{"coordinates":[[[153.183635,-27.417385],[153.18424,-27.412227],[153.179475,-27.409195],[153.174105,-27.411319],[153.173499,-27.416477],[153.178265,-27.41951],[153.183635,-27.417385]]],"type":"Polygon"},"properties":{"hex_id":"88be8dc4c1fffff"},"type":"Feature"},{"geometry":{"coordinates":[[[153.184168,-27.456526],[153.184773,-27.451367],[153.180006,-27.448334],[153.174633,-27.450459],[153.174027,-27.455618],[153.178795,-27.458651],[153.184168,-27.456526]]],"type":"Polygon"},"properties":{"hex_id":"88be8dc683fffff"},"type":"Feature"},{"geometry":{"coordinates":[[[153.184701,-27.495673],[153.185306,-27.490514],[153.180537,-27.48748],[153.175162,-27.489606],[153.174556,-27.494765],[153.179326,-27.497799],[153.184701,-27.495673]]],"type":"Polygon"},"properties":{"hex_id":"88be8d89e5fffff"},"type":"Feature"},{"geometry":{"coordinates":[[[153.186517,-27.480195],[153.187122,-27.475036],[153.182353,-27.472002],[153.176979,-27.474128],[153.176373,-27.479287],[153.181142,-27.482321],[153.186517,-27.480195]]],"type":"Polygon"},"properties":{"hex_id":"88be8dc6d1fffff"},"type":"Feature"},{"geometry":{"coordinates":[[[153.187051,-27.519346],[153.187656,-27.514186],[153.182885,-27.511152],[153.177509,-27.513278],[153.176903,-27.518438],[153.181674,-27.521472],[153.187051,-27.519346]]],"type":"Polygon"},"properties":{"hex_id":"88be8d8913fffff"},"type":"Feature"},{"geometry":{"coordinates":[[[153.187586,-27.558504],[153.188191,-27.553343],[153.183418,-27.550309],[153.178039,-27.552435],[153.177433,-27.557596],[153.182206,-27.56063],[153.187586,-27.558504]]],"type":"Polygon"},"properties":{"hex_id":"88be8d8805fffff"},"type":"Feature"},{"geometry":{"coordinates":[[[153.187797,-27.425575],[153.188401,-27.420417],[153.183635,-27.417385],[153.178265,-27.41951],[153.17766,-27.424668],[153.182426,-27.427701],[153.187797,-27.425575]]],"type":"Polygon"},"properties":{"hex_id":"88be8dc4c9fffff"},"type":"Feature"},{"geometry":{"coordinates":[[[153.188331,-27.464718],[153.188936,-27.459559],[153.184168,-27.456526],[153.178795,-27.458651],[153.17819,-27.46381],[153.182958,-27.466843],[153.188331,-27.464718]]],"type":"Polygon"},"properties":{"hex_id":"88be8dc68bfffff"},"type":"Feature"},{"geometry":{"coordinates":[[[153.188866,-27.503866],[153.189471,-27.498707],[153.184701,-27.495673],[153.179326,-27.497799],[153.17872,-27.502959],[153.183491,-27.505993],[153.188866,-27.503866]]],"type":"Polygon"},"properties":{"hex_id":"88be8d89edfffff"},"type":"Feature"},{"geometry":{"coordinates":[[[153.190145,-27.449241],[153.19075,-27.444083],[153.185983,-27.44105],[153.180611,-27.443176],[153.180006,-27.448334],[153.184773,-27.451367],[153.190145,-27.449241]]],"type":"Polygon"},"properties":{"hex_id":"88be8dc687fffff"},"type":"Feature"},{"geometry":{"coordinates":[[[153.190681,-27.488388],[153.191286,-27.483228],[153.186517,-27.480195],[153.181142,-27.482321],[153.180537,-27.48748],[153.185306,-27.490514],[153.190681,-27.488388]]],"type":"Polygon"},"properties":{"hex_id":"88be8dc6d9fffff"},"type":"Feature"},{"geometry":{"coordinates":[[[153.192495,-27.47291],[153.1931,-27.467751],[153.188331,-27.464718],[153.182958,-27.466843],[153.182353,-27.472002],[153.187122,-27.475036],[153.192495,-27.47291]]],"type":"Polygon"},"properties":{"hex_id":"88be8dc6d5fffff"},"type":"Feature"},{"geometry":{"coordinates":[[[153.193032,-27.51206],[153.193637,-27.5069],[153.188866,-27.503866],[153.183491,-27.505993],[153.182885,-27.511152],[153.187656,-27.514186],[153.193032,-27.51206]]],"type":"Polygon"},"properties":{"hex_id":"88be8d8917fffff"},"type":"Feature"},{"geometry":{"coordinates":[[[153.194309,-27.457433],[153.194913,-27.452274],[153.190145,-27.449241],[153.184773,-27.451367],[153.184168,-27.456526],[153.188936,-27.459559],[153.194309,-27.457433]]],"type":"Polygon"},"properties":{"hex_id":"88be8dc681fffff"},"type":"Feature"},{"geometry":{"coordinates":[[[153.194846,-27.496581],[153.195451,-27.491421],[153.190681,-27.488388],[153.185306,-27.490514],[153.184701,-27.495673],[153.189471,-27.498707],[153.194846,-27.496581]]],"type":"Polygon"},"properties":{"hex_id":"88be8d8933fffff"},"type":"Feature"},{"geometry":{"coordinates":[[[153.19666,-27.481102],[153.197264,-27.475943],[153.192495,-27.47291],[153.187122,-27.475036],[153.186517,-27.480195],[153.191286,-27.483228],[153.19666,-27.481102]]],"type":"Polygon"},"properties":{"hex_id":"88be8dc6ddfffff"},"type":"Feature"},{"geometry":{"coordinates":[[[153.197199,-27.520254],[153.197803,-27.515093],[153.193032,-27.51206],[153.187656,-27.514186],[153.187051,-27.519346],[153.191822,-27.52238],[153.197199,-27.520254]]],"type":"Polygon"},"properties":{"hex_id":"88be8d8911fffff"},"type":"Feature"},{"geometry":{"coordinates":[[[153.198473,-27.465625],[153.199077,-27.460466],[153.194309,-27.457433],[153.188936,-27.459559],[153.188331,-27.464718],[153.1931,-27.467751],[153.198473,-27.465625]]],"type":"Polygon"},"properties":{"hex_id":"88be8dc689fffff"},"type":"Feature"},{"geometry":{"coordinates":[[[153.200286,-27.450148],[153.20089,-27.44499],[153.196122,-27.441957],[153.19075,-27.444083],[153.190145,-27.449241],[153.194913,-27.452274],[153.200286,-27.450148]]],"type":"Polygon"},"properties":{"hex_id":"88be8dc685fffff"},"type":"Feature"},{"geometry":{"coordinates":[[[153.202638,-27.473816],[153.203242,-27.468657],[153.198473,-27.465625],[153.1931,-27.467751],[153.192495,-27.47291],[153.197264,-27.475943],[153.202638,-27.473816]]],"type":"Polygon"},"properties":{"hex_id":"88be8dc6c3fffff"},"type":"Feature"},{"geometry":{"coordinates":[[[[152.8796166470631,-27.517577931651342],[152.87899370211275,-27.52273628310446],[152.88375412922076,-27.525780428935494],[152.88913733499504,-27.523665920888238],[152.8897597041998,-27.51850748900118],[152.89514234814672,-27.516392799420384],[152.89576432200025,-27.511234488494658],[152.89100422761356,-27.508190947461028],[152.891626381847,-27.503032837972103],[152.88686687698038,-27.499989276390107],[152.88148505156943,-27.502103521876872],[152.8808623217792,-27.507261550955462],[152.87547993488374,-27.50937561509464],[152.8748568097279,-27.514533765176086],[152.8796166470631,-27.517577931651342]]],[[[152.90673803608863,-27.46269979197144],[152.90735897100737,-27.457542573942998],[152.90260131018826,-27.454500182090094],[152.8972225479449,-27.456614705775525],[152.89660103796552,-27.46177184363944],[152.90135886526966,-27.464814538005722],[152.90673803608863,-27.46269979197144]]],[[[153.14463821345885,-27.531189518342533],[153.149408798159,-27.534224938553436],[153.14880123890887,-27.539385200846972],[153.153572412203,-27.542420595352937],[153.15895097215656,-27.540295426581597],[153.1637225613922,-27.543330494225938],[153.16910095957923,-27.541204922876805],[153.16970736382217,-27.536044509214573],[153.16493594743505,-27.53300974247451],[153.1595579539367,-27.53513508851582],[153.15478695325305,-27.532099994970206],[153.15539411876856,-27.526939856359817],[153.15062370655102,-27.523904737158055],[153.14524595631556,-27.526029455580968],[153.14463821345885,-27.531189518342533]]],[[[153.08105887578537,-27.635004253384977],[153.08583270200583,-27.6380432334341],[153.09121846594797,-27.635919987077102],[153.091829996726,-27.63075798480413],[153.08705634191713,-27.627719305751363],[153.08167098489858,-27.629842327998606],[153.08105887578537,-27.635004253384977]]],[[[153.11816402873717,-27.364604362682925],[153.1229247697577,-27.36763832876387],[153.12829346971301,-27.36551570856644],[153.12890102481117,-27.360359347605318],[153.12414045502166,-27.357325683218793],[153.11877215888322,-27.35944807812234],[153.11816402873717,-27.364604362682925]]],[[[152.8858041376812,-27.593780308783362],[152.89056860578214,-27.59682523199026],[152.89595595679103,-27.59470993930647],[152.8965784297044,-27.589549945294966],[152.8918141283311,-27.58650532422098],[152.8864271872962,-27.58862039504888],[152.8858041376812,-27.593780308783362]]]],"type":"MultiPolygon"},"properties":{"hex_id":"background","is_background":true},"type":"Feature"}],"type":"FeatureCollection"}